Name,Device_ID,Download_Date,Reference_Date,Log_Interval,Log_Count,Location_Lat,Location_Lng,Temp_Units,temperatureCalibration,humidityCalibration,pressureCalibration,dewpointCalibration
mef5,E6129EDF,Tue Jul 25 2023 10:58:14 GMT-0600 (Mountain Daylight Time),Not set,3600,976,0,0,Celsius,0,0,0,0
index,date,temperature,humidity,dewpoint,pressure
0,Wed Jun 14 2023 19:58:14 GMT-0600 (Mountain Daylight Time),20.8,39.4,6.6,745.5
1,Wed Jun 14 2023 20:58:14 GMT-0600 (Mountain Daylight Time),0.8,43,-10.4,745
2,Wed Jun 14 2023 21:58:14 GMT-0600 (Mountain Daylight Time),3.3,32.9,-11.5,744.5
3,Wed Jun 14 2023 22:58:14 GMT-0600 (Mountain Daylight Time),4.3,28.3,-12.5,743.9
4,Wed Jun 14 2023 23:58:14 GMT-0600 (Mountain Daylight Time),5.9,24,-13.2,743.4
5,Thu Jun 15 2023 00:58:14 GMT-0600 (Mountain Daylight Time),6.5,18.7,-15.7,743.4
6,Thu Jun 15 2023 01:58:14 GMT-0600 (Mountain Daylight Time),5.5,22.5,-14.3,743.4
7,Thu Jun 15 2023 02:58:14 GMT-0600 (Mountain Daylight Time),-1.3,42.3,-12.5,743.5
8,Thu Jun 15 2023 03:58:14 GMT-0600 (Mountain Daylight Time),-5.6,62.5,-11.6,743.6
9,Thu Jun 15 2023 04:58:14 GMT-0600 (Mountain Daylight Time),-7.6,69,-12.3,744
10,Thu Jun 15 2023 05:58:14 GMT-0600 (Mountain Daylight Time),-9.4,73.2,-13.3,744.2
11,Thu Jun 15 2023 06:58:14 GMT-0600 (Mountain Daylight Time),-11.1,75.9,-14.5,744.2
12,Thu Jun 15 2023 07:58:14 GMT-0600 (Mountain Daylight Time),-12.2,76.9,-15.4,743.8
13,Thu Jun 15 2023 08:58:14 GMT-0600 (Mountain Daylight Time),-13.8,79.5,-16.6,743.3
14,Thu Jun 15 2023 09:58:14 GMT-0600 (Mountain Daylight Time),-13.2,80.5,-15.9,742.9
15,Thu Jun 15 2023 10:58:14 GMT-0600 (Mountain Daylight Time),-12.4,81.6,-14.9,742.3
16,Thu Jun 15 2023 11:58:14 GMT-0600 (Mountain Daylight Time),-12.9,83.1,-15.2,741.5
17,Thu Jun 15 2023 12:58:14 GMT-0600 (Mountain Daylight Time),-10.4,70.4,-14.8,740.8
18,Thu Jun 15 2023 13:58:14 GMT-0600 (Mountain Daylight Time),-11.6,67.2,-16.5,740.7
19,Thu Jun 15 2023 14:58:14 GMT-0600 (Mountain Daylight Time),-13.8,72.3,-17.7,740
20,Thu Jun 15 2023 15:58:14 GMT-0600 (Mountain Daylight Time),-16.1,78.2,-19,739.6
21,Thu Jun 15 2023 16:58:14 GMT-0600 (Mountain Daylight Time),-16.1,77.4,-19.2,739.4
22,Thu Jun 15 2023 17:58:14 GMT-0600 (Mountain Daylight Time),-15.8,76.8,-19,739.5
23,Thu Jun 15 2023 18:58:14 GMT-0600 (Mountain Daylight Time),-11.9,74,-15.6,738.9
24,Thu Jun 15 2023 19:58:14 GMT-0600 (Mountain Daylight Time),-1.8,37.3,-14.5,738.3
25,Thu Jun 15 2023 20:58:14 GMT-0600 (Mountain Daylight Time),1.9,23.1,-17.1,737.7
26,Thu Jun 15 2023 21:58:14 GMT-0600 (Mountain Daylight Time),3.2,18.8,-18.4,736.7
27,Thu Jun 15 2023 22:58:14 GMT-0600 (Mountain Daylight Time),4.5,17.8,-18,735.9
28,Thu Jun 15 2023 23:58:14 GMT-0600 (Mountain Daylight Time),4.6,17.6,-18,735.5
29,Fri Jun 16 2023 00:58:14 GMT-0600 (Mountain Daylight Time),6.6,16.9,-16.9,735.4
30,Fri Jun 16 2023 01:58:14 GMT-0600 (Mountain Daylight Time),6.9,15.2,-17.9,735
31,Fri Jun 16 2023 02:58:14 GMT-0600 (Mountain Daylight Time),1.5,21.6,-18.2,735.4
32,Fri Jun 16 2023 03:58:14 GMT-0600 (Mountain Daylight Time),-5,43.1,-15.7,736
33,Fri Jun 16 2023 04:58:14 GMT-0600 (Mountain Daylight Time),-6.7,46.1,-16.4,735.9
34,Fri Jun 16 2023 05:58:14 GMT-0600 (Mountain Daylight Time),-5.9,40,-17.4,736.1
35,Fri Jun 16 2023 06:58:14 GMT-0600 (Mountain Daylight Time),-4.5,35.9,-17.4,736.5
36,Fri Jun 16 2023 07:58:14 GMT-0600 (Mountain Daylight Time),-4,30.1,-19.1,736.9
37,Fri Jun 16 2023 08:58:14 GMT-0600 (Mountain Daylight Time),-4.5,30.2,-19.5,737.2
38,Fri Jun 16 2023 09:58:14 GMT-0600 (Mountain Daylight Time),-5.7,36.4,-18.3,737.3
39,Fri Jun 16 2023 10:58:14 GMT-0600 (Mountain Daylight Time),-7.2,44.4,-17.3,737.4
40,Fri Jun 16 2023 11:58:14 GMT-0600 (Mountain Daylight Time),-6.7,44.6,-16.8,737.3
41,Fri Jun 16 2023 12:58:14 GMT-0600 (Mountain Daylight Time),-6,44.6,-16.2,736.7
42,Fri Jun 16 2023 13:58:14 GMT-0600 (Mountain Daylight Time),-5.8,45.9,-15.6,736.7
43,Fri Jun 16 2023 14:58:14 GMT-0600 (Mountain Daylight Time),-6.7,51.1,-15.2,736.8
44,Fri Jun 16 2023 15:58:14 GMT-0600 (Mountain Daylight Time),-7.3,54.6,-14.9,736.9
45,Fri Jun 16 2023 16:58:14 GMT-0600 (Mountain Daylight Time),-11.1,65.4,-16.3,737.4
46,Fri Jun 16 2023 17:58:14 GMT-0600 (Mountain Daylight Time),-8.7,62,-14.7,737.6
47,Fri Jun 16 2023 18:58:14 GMT-0600 (Mountain Daylight Time),-0.6,39.1,-12.9,737.4
48,Fri Jun 16 2023 19:58:14 GMT-0600 (Mountain Daylight Time),0.8,31.7,-14.2,737.2
49,Fri Jun 16 2023 20:58:14 GMT-0600 (Mountain Daylight Time),1.8,32,-13.2,737
50,Fri Jun 16 2023 21:58:14 GMT-0600 (Mountain Daylight Time),2.1,33.3,-12.4,736.6
51,Fri Jun 16 2023 22:58:14 GMT-0600 (Mountain Daylight Time),1,37,-12.1,736.3
52,Fri Jun 16 2023 23:58:14 GMT-0600 (Mountain Daylight Time),2.3,33.5,-12.2,736.4
53,Sat Jun 17 2023 00:58:14 GMT-0600 (Mountain Daylight Time),2.2,32.3,-12.7,735.5
54,Sat Jun 17 2023 01:58:14 GMT-0600 (Mountain Daylight Time),1.8,28.4,-14.7,735.1
55,Sat Jun 17 2023 02:58:14 GMT-0600 (Mountain Daylight Time),-1.2,34,-15.1,734.9
56,Sat Jun 17 2023 03:58:14 GMT-0600 (Mountain Daylight Time),-2,32.3,-16.4,735.1
57,Sat Jun 17 2023 04:58:14 GMT-0600 (Mountain Daylight Time),-1.9,31.8,-16.5,735.7
58,Sat Jun 17 2023 05:58:14 GMT-0600 (Mountain Daylight Time),-1.9,32.5,-16.3,735.5
59,Sat Jun 17 2023 06:58:14 GMT-0600 (Mountain Daylight Time),-2.3,34.5,-15.9,736.3
60,Sat Jun 17 2023 07:58:14 GMT-0600 (Mountain Daylight Time),-4.6,41.1,-15.9,735.9
61,Sat Jun 17 2023 08:58:14 GMT-0600 (Mountain Daylight Time),-4.3,41.6,-15.5,735.7
62,Sat Jun 17 2023 09:58:14 GMT-0600 (Mountain Daylight Time),-6.3,51,-14.8,735.8
63,Sat Jun 17 2023 10:58:14 GMT-0600 (Mountain Daylight Time),-4.3,42.7,-15.1,735.1
64,Sat Jun 17 2023 11:58:14 GMT-0600 (Mountain Daylight Time),-3.9,43,-14.7,735.1
65,Sat Jun 17 2023 12:58:14 GMT-0600 (Mountain Daylight Time),-5.3,48.4,-14.5,735.3
66,Sat Jun 17 2023 13:58:14 GMT-0600 (Mountain Daylight Time),-2.6,42.4,-13.7,734.5
67,Sat Jun 17 2023 14:58:14 GMT-0600 (Mountain Daylight Time),-1.2,38.7,-13.5,734.6
68,Sat Jun 17 2023 15:58:14 GMT-0600 (Mountain Daylight Time),-1.7,41.4,-13.1,734.6
69,Sat Jun 17 2023 16:58:14 GMT-0600 (Mountain Daylight Time),-4.4,52.4,-12.7,735.2
70,Sat Jun 17 2023 17:58:14 GMT-0600 (Mountain Daylight Time),-2.1,46,-12.2,736.1
71,Sat Jun 17 2023 18:58:14 GMT-0600 (Mountain Daylight Time),3.6,32.8,-11.3,735.8
72,Sat Jun 17 2023 19:58:14 GMT-0600 (Mountain Daylight Time),5.5,30.1,-10.7,735.2
73,Sat Jun 17 2023 20:58:14 GMT-0600 (Mountain Daylight Time),5.5,32.8,-9.6,735.3
74,Sat Jun 17 2023 21:58:14 GMT-0600 (Mountain Daylight Time),3.6,38.1,-9.4,735.6
75,Sat Jun 17 2023 22:58:14 GMT-0600 (Mountain Daylight Time),3.6,37.8,-9.5,735.8
76,Sat Jun 17 2023 23:58:14 GMT-0600 (Mountain Daylight Time),6.7,32.5,-8.6,735.8
77,Sun Jun 18 2023 00:58:14 GMT-0600 (Mountain Daylight Time),8.2,30.1,-8.3,736.3
78,Sun Jun 18 2023 01:58:14 GMT-0600 (Mountain Daylight Time),8.3,29.7,-8.4,736.5
79,Sun Jun 18 2023 02:58:14 GMT-0600 (Mountain Daylight Time),3.7,37.4,-9.5,737.1
80,Sun Jun 18 2023 03:58:14 GMT-0600 (Mountain Daylight Time),0.8,45.7,-9.6,737.3
81,Sun Jun 18 2023 04:58:14 GMT-0600 (Mountain Daylight Time),-3.5,60.7,-10,737.6
82,Sun Jun 18 2023 05:58:14 GMT-0600 (Mountain Daylight Time),-1.5,55.3,-9.3,737.4
83,Sun Jun 18 2023 06:58:14 GMT-0600 (Mountain Daylight Time),-1.7,55.8,-9.4,737
84,Sun Jun 18 2023 07:58:14 GMT-0600 (Mountain Daylight Time),-1.9,54.7,-9.8,736.9
85,Sun Jun 18 2023 08:58:14 GMT-0600 (Mountain Daylight Time),-4,60.7,-10.5,736
86,Sun Jun 18 2023 09:58:14 GMT-0600 (Mountain Daylight Time),-4.1,62.4,-10.2,735
87,Sun Jun 18 2023 10:58:14 GMT-0600 (Mountain Daylight Time),-2.4,56.2,-10,734.4
88,Sun Jun 18 2023 11:58:14 GMT-0600 (Mountain Daylight Time),-2.5,55.8,-10.1,733.5
89,Sun Jun 18 2023 12:58:14 GMT-0600 (Mountain Daylight Time),-1.8,52.8,-10.2,732.8
90,Sun Jun 18 2023 13:58:14 GMT-0600 (Mountain Daylight Time),-3.4,58.7,-10.3,731.6
91,Sun Jun 18 2023 14:58:14 GMT-0600 (Mountain Daylight Time),-5.1,63.9,-10.9,730.8
92,Sun Jun 18 2023 15:58:14 GMT-0600 (Mountain Daylight Time),-2.5,55.2,-10.3,730.1
93,Sun Jun 18 2023 16:58:14 GMT-0600 (Mountain Daylight Time),-1.8,52.7,-10.2,729.6
94,Sun Jun 18 2023 17:58:14 GMT-0600 (Mountain Daylight Time),0,48.4,-9.6,729
95,Sun Jun 18 2023 18:58:14 GMT-0600 (Mountain Daylight Time),3.4,40.3,-8.8,727.7
96,Sun Jun 18 2023 19:58:14 GMT-0600 (Mountain Daylight Time),5.9,34.9,-8.4,726.6
97,Sun Jun 18 2023 20:58:14 GMT-0600 (Mountain Daylight Time),8.2,28.6,-9,725.9
98,Sun Jun 18 2023 21:58:14 GMT-0600 (Mountain Daylight Time),8.1,27.8,-9.4,724.9
99,Sun Jun 18 2023 22:58:14 GMT-0600 (Mountain Daylight Time),8.2,25.1,-10.6,724.1
100,Sun Jun 18 2023 23:58:14 GMT-0600 (Mountain Daylight Time),8.7,19.2,-13.6,722.9
101,Mon Jun 19 2023 00:58:14 GMT-0600 (Mountain Daylight Time),10.1,19.8,-12,722.4
102,Mon Jun 19 2023 01:58:14 GMT-0600 (Mountain Daylight Time),9.7,21.1,-11.5,722
103,Mon Jun 19 2023 02:58:14 GMT-0600 (Mountain Daylight Time),4.6,27.5,-12.6,721.8
104,Mon Jun 19 2023 03:58:14 GMT-0600 (Mountain Daylight Time),2.3,32.1,-12.7,722
105,Mon Jun 19 2023 04:58:14 GMT-0600 (Mountain Daylight Time),0.7,38.8,-11.8,722.1
106,Mon Jun 19 2023 05:58:14 GMT-0600 (Mountain Daylight Time),-0.1,45.5,-10.5,721.9
107,Mon Jun 19 2023 06:58:14 GMT-0600 (Mountain Daylight Time),-0.1,44.4,-10.8,721.5
108,Mon Jun 19 2023 07:58:14 GMT-0600 (Mountain Daylight Time),-2.1,56.2,-9.7,721.7
109,Mon Jun 19 2023 08:58:14 GMT-0600 (Mountain Daylight Time),-3.2,62.5,-9.4,721.6
110,Mon Jun 19 2023 09:58:14 GMT-0600 (Mountain Daylight Time),-3.9,69.3,-8.7,721.6
111,Mon Jun 19 2023 10:58:14 GMT-0600 (Mountain Daylight Time),-4,74.5,-7.9,721.3
112,Mon Jun 19 2023 11:58:14 GMT-0600 (Mountain Daylight Time),-4.4,85,-6.5,720.8
113,Mon Jun 19 2023 12:58:14 GMT-0600 (Mountain Daylight Time),-4.6,87.3,-6.4,720.1
114,Mon Jun 19 2023 13:58:14 GMT-0600 (Mountain Daylight Time),-4.6,85.7,-6.6,719.6
115,Mon Jun 19 2023 14:58:14 GMT-0600 (Mountain Daylight Time),-7.2,83.1,-9.6,719.7
116,Mon Jun 19 2023 15:58:14 GMT-0600 (Mountain Daylight Time),-7.3,86.9,-9.1,719.5
117,Mon Jun 19 2023 16:58:14 GMT-0600 (Mountain Daylight Time),-10.9,88.1,-12.5,720.1
118,Mon Jun 19 2023 17:58:14 GMT-0600 (Mountain Daylight Time),-11.3,87.6,-13,720
119,Mon Jun 19 2023 18:58:14 GMT-0600 (Mountain Daylight Time),-11.4,85,-13.4,719.6
120,Mon Jun 19 2023 19:58:14 GMT-0600 (Mountain Daylight Time),-9,72.9,-13,719.4
121,Mon Jun 19 2023 20:58:14 GMT-0600 (Mountain Daylight Time),-7,68.6,-11.8,718
122,Mon Jun 19 2023 21:58:14 GMT-0600 (Mountain Daylight Time),-7.4,67.9,-12.3,717.6
123,Mon Jun 19 2023 22:58:14 GMT-0600 (Mountain Daylight Time),-9.2,66.2,-14.4,717.3
124,Mon Jun 19 2023 23:58:14 GMT-0600 (Mountain Daylight Time),-10.8,69.5,-15.3,716.9
125,Tue Jun 20 2023 00:58:14 GMT-0600 (Mountain Daylight Time),-12.8,79.3,-15.6,718.7
126,Tue Jun 20 2023 01:58:14 GMT-0600 (Mountain Daylight Time),-5.3,65.3,-10.8,717.7
127,Tue Jun 20 2023 02:58:14 GMT-0600 (Mountain Daylight Time),-10.4,70.3,-14.8,719.1
128,Tue Jun 20 2023 03:58:14 GMT-0600 (Mountain Daylight Time),-12.3,72.9,-16.2,720.3
129,Tue Jun 20 2023 04:58:14 GMT-0600 (Mountain Daylight Time),-17.1,80,-19.7,721.2
130,Tue Jun 20 2023 05:58:14 GMT-0600 (Mountain Daylight Time),-17.6,79.9,-20.3,722.3
131,Tue Jun 20 2023 06:58:14 GMT-0600 (Mountain Daylight Time),-17.5,80.6,-20.1,723.8
132,Tue Jun 20 2023 07:58:14 GMT-0600 (Mountain Daylight Time),-18.1,81,-20.6,724.6
133,Tue Jun 20 2023 08:58:14 GMT-0600 (Mountain Daylight Time),-13.5,63.2,-19,725.2
134,Tue Jun 20 2023 09:58:14 GMT-0600 (Mountain Daylight Time),-12.5,47.6,-21.4,726
135,Tue Jun 20 2023 10:58:14 GMT-0600 (Mountain Daylight Time),-12.5,47.8,-21.4,727.4
136,Tue Jun 20 2023 11:58:14 GMT-0600 (Mountain Daylight Time),-16.3,57.5,-22.8,728.3
137,Tue Jun 20 2023 12:58:14 GMT-0600 (Mountain Daylight Time),-18.2,63.6,-23.5,728.7
138,Tue Jun 20 2023 13:58:14 GMT-0600 (Mountain Daylight Time),-17.3,63.2,-22.7,729.5
139,Tue Jun 20 2023 14:58:14 GMT-0600 (Mountain Daylight Time),-17.2,62.1,-22.8,730.3
140,Tue Jun 20 2023 15:58:14 GMT-0600 (Mountain Daylight Time),-20,70,-24.1,731.1
141,Tue Jun 20 2023 16:58:14 GMT-0600 (Mountain Daylight Time),-20.6,74,-24.1,732
142,Tue Jun 20 2023 17:58:14 GMT-0600 (Mountain Daylight Time),-16,69.1,-20.4,732.6
143,Tue Jun 20 2023 18:58:14 GMT-0600 (Mountain Daylight Time),-8.9,47.9,-18,732.7
144,Tue Jun 20 2023 19:58:14 GMT-0600 (Mountain Daylight Time),-7.6,35.1,-20.5,732.9
145,Tue Jun 20 2023 20:58:14 GMT-0600 (Mountain Daylight Time),-7.2,32.6,-21,733.3
146,Tue Jun 20 2023 21:58:14 GMT-0600 (Mountain Daylight Time),-4.9,31.1,-19.5,733.1
147,Tue Jun 20 2023 22:58:14 GMT-0600 (Mountain Daylight Time),-4.1,31.5,-18.6,733.1
148,Tue Jun 20 2023 23:58:14 GMT-0600 (Mountain Daylight Time),-3.8,34.1,-17.4,732.7
149,Wed Jun 21 2023 00:58:14 GMT-0600 (Mountain Daylight Time),-1.8,31.1,-16.7,732.8
150,Wed Jun 21 2023 01:58:14 GMT-0600 (Mountain Daylight Time),-2.4,31.8,-17,733.1
151,Wed Jun 21 2023 02:58:14 GMT-0600 (Mountain Daylight Time),-6,40.8,-17.2,733.8
152,Wed Jun 21 2023 03:58:14 GMT-0600 (Mountain Daylight Time),-7.5,48.4,-16.6,734.8
153,Wed Jun 21 2023 04:58:14 GMT-0600 (Mountain Daylight Time),-8.2,54.5,-15.8,735.7
154,Wed Jun 21 2023 05:58:14 GMT-0600 (Mountain Daylight Time),-8.9,58.3,-15.6,736.5
155,Wed Jun 21 2023 06:58:14 GMT-0600 (Mountain Daylight Time),-10,61.1,-16.1,737.4
156,Wed Jun 21 2023 07:58:14 GMT-0600 (Mountain Daylight Time),-11,63.3,-16.6,737.9
157,Wed Jun 21 2023 08:58:14 GMT-0600 (Mountain Daylight Time),-12.1,66.9,-17,737.9
158,Wed Jun 21 2023 09:58:14 GMT-0600 (Mountain Daylight Time),-11.2,64,-16.7,737.7
159,Wed Jun 21 2023 10:58:14 GMT-0600 (Mountain Daylight Time),-10,60.3,-16.3,737.9
160,Wed Jun 21 2023 11:58:14 GMT-0600 (Mountain Daylight Time),-12.9,68.1,-17.6,737.8
161,Wed Jun 21 2023 12:58:14 GMT-0600 (Mountain Daylight Time),-11.2,66.8,-16.2,737.6
162,Wed Jun 21 2023 13:58:14 GMT-0600 (Mountain Daylight Time),-13.5,72.3,-17.4,737.5
163,Wed Jun 21 2023 14:58:14 GMT-0600 (Mountain Daylight Time),-9.6,68.5,-14.3,737.5
164,Wed Jun 21 2023 15:58:14 GMT-0600 (Mountain Daylight Time),-10.4,70.8,-14.7,737.3
165,Wed Jun 21 2023 16:58:14 GMT-0600 (Mountain Daylight Time),-7.5,69.8,-12.1,737.3
166,Wed Jun 21 2023 17:58:14 GMT-0600 (Mountain Daylight Time),-6.6,67,-11.7,737.6
167,Wed Jun 21 2023 18:58:14 GMT-0600 (Mountain Daylight Time),-2.5,51.2,-11.2,738
168,Wed Jun 21 2023 19:58:14 GMT-0600 (Mountain Daylight Time),-1.4,43.7,-12.2,738.4
169,Wed Jun 21 2023 20:58:14 GMT-0600 (Mountain Daylight Time),-0.9,35.8,-14.2,739.2
170,Wed Jun 21 2023 21:58:14 GMT-0600 (Mountain Daylight Time),-2.7,38.7,-14.9,739.7
171,Wed Jun 21 2023 22:58:14 GMT-0600 (Mountain Daylight Time),0,32.3,-14.7,739.6
172,Wed Jun 21 2023 23:58:14 GMT-0600 (Mountain Daylight Time),1.2,30.1,-14.5,740
173,Thu Jun 22 2023 00:58:14 GMT-0600 (Mountain Daylight Time),1.8,26.1,-15.7,740.6
174,Thu Jun 22 2023 01:58:14 GMT-0600 (Mountain Daylight Time),2.9,23.6,-16,741.4
175,Thu Jun 22 2023 02:58:14 GMT-0600 (Mountain Daylight Time),-1.6,23.9,-19.7,741.8
176,Thu Jun 22 2023 03:58:14 GMT-0600 (Mountain Daylight Time),-4.8,34.1,-18.3,742.4
177,Thu Jun 22 2023 04:58:14 GMT-0600 (Mountain Daylight Time),-6.8,41.9,-17.7,742.8
178,Thu Jun 22 2023 05:58:14 GMT-0600 (Mountain Daylight Time),-8.3,45.5,-18.1,743.1
179,Thu Jun 22 2023 06:58:14 GMT-0600 (Mountain Daylight Time),-9.3,47.2,-18.5,743.4
180,Thu Jun 22 2023 07:58:14 GMT-0600 (Mountain Daylight Time),-11.5,56.6,-18.4,743.3
181,Thu Jun 22 2023 08:58:14 GMT-0600 (Mountain Daylight Time),-11.5,58.5,-18.1,742.8
182,Thu Jun 22 2023 09:58:14 GMT-0600 (Mountain Daylight Time),-9.7,58.4,-16.4,742.7
183,Thu Jun 22 2023 10:58:14 GMT-0600 (Mountain Daylight Time),-6.7,47.3,-16.1,742.5
184,Thu Jun 22 2023 11:58:14 GMT-0600 (Mountain Daylight Time),-7,49.9,-15.7,742.4
185,Thu Jun 22 2023 12:58:14 GMT-0600 (Mountain Daylight Time),-10.8,61.3,-16.8,742.2
186,Thu Jun 22 2023 13:58:14 GMT-0600 (Mountain Daylight Time),-12.2,67.5,-17,742.2
187,Thu Jun 22 2023 14:58:14 GMT-0600 (Mountain Daylight Time),-13.2,72.2,-17.2,742.3
188,Thu Jun 22 2023 15:58:14 GMT-0600 (Mountain Daylight Time),-13.6,75.8,-17,742.5
189,Thu Jun 22 2023 16:58:14 GMT-0600 (Mountain Daylight Time),-13.5,77.7,-16.6,742.7
190,Thu Jun 22 2023 17:58:14 GMT-0600 (Mountain Daylight Time),-11.4,79.7,-14.2,743.2
191,Thu Jun 22 2023 18:58:14 GMT-0600 (Mountain Daylight Time),1.7,43.9,-9.3,743.2
192,Thu Jun 22 2023 19:58:14 GMT-0600 (Mountain Daylight Time),3.8,34.8,-10.4,743
193,Thu Jun 22 2023 20:58:14 GMT-0600 (Mountain Daylight Time),4.6,32.2,-10.6,742.9
194,Thu Jun 22 2023 21:58:14 GMT-0600 (Mountain Daylight Time),6.1,28.8,-10.7,742.3
195,Thu Jun 22 2023 22:58:14 GMT-0600 (Mountain Daylight Time),7.6,27.1,-10.2,742
196,Thu Jun 22 2023 23:58:14 GMT-0600 (Mountain Daylight Time),8.6,22.9,-11.4,741.4
197,Fri Jun 23 2023 00:58:14 GMT-0600 (Mountain Daylight Time),10,21,-11.3,741.3
198,Fri Jun 23 2023 01:58:14 GMT-0600 (Mountain Daylight Time),10.4,18.6,-12.5,740.9
199,Fri Jun 23 2023 02:58:14 GMT-0600 (Mountain Daylight Time),6.1,26.8,-11.6,740.9
200,Fri Jun 23 2023 03:58:14 GMT-0600 (Mountain Daylight Time),-0.1,43,-11.2,741
201,Fri Jun 23 2023 04:58:14 GMT-0600 (Mountain Daylight Time),-3.6,57.3,-10.8,741.2
202,Fri Jun 23 2023 05:58:14 GMT-0600 (Mountain Daylight Time),-4.5,58.5,-11.4,740.8
203,Fri Jun 23 2023 06:58:14 GMT-0600 (Mountain Daylight Time),-5.4,63.9,-11.2,740.6
204,Fri Jun 23 2023 07:58:14 GMT-0600 (Mountain Daylight Time),-5.8,65.1,-11.3,740.3
205,Fri Jun 23 2023 08:58:14 GMT-0600 (Mountain Daylight Time),-6.5,67.3,-11.6,739.7
206,Fri Jun 23 2023 09:58:14 GMT-0600 (Mountain Daylight Time),-7.1,68.2,-12,739.4
207,Fri Jun 23 2023 10:58:14 GMT-0600 (Mountain Daylight Time),-8.2,71.1,-12.5,738.9
208,Fri Jun 23 2023 11:58:14 GMT-0600 (Mountain Daylight Time),-8.8,71.8,-13,738
209,Fri Jun 23 2023 12:58:14 GMT-0600 (Mountain Daylight Time),-9,70.1,-13.5,737.1
210,Fri Jun 23 2023 13:58:14 GMT-0600 (Mountain Daylight Time),-7,64.4,-12.6,736.2
211,Fri Jun 23 2023 14:58:14 GMT-0600 (Mountain Daylight Time),-6.7,62.7,-12.7,735.6
212,Fri Jun 23 2023 15:58:14 GMT-0600 (Mountain Daylight Time),-7.8,66.9,-12.9,734.8
213,Fri Jun 23 2023 16:58:14 GMT-0600 (Mountain Daylight Time),-8.8,71.8,-13,734
214,Fri Jun 23 2023 17:58:14 GMT-0600 (Mountain Daylight Time),-7,71,-11.4,733.4
215,Fri Jun 23 2023 18:58:14 GMT-0600 (Mountain Daylight Time),4.8,34.1,-9.7,732.2
216,Fri Jun 23 2023 19:58:14 GMT-0600 (Mountain Daylight Time),6.6,26.3,-11.4,730.9
217,Fri Jun 23 2023 20:58:14 GMT-0600 (Mountain Daylight Time),7.2,25.3,-11.4,729.8
218,Fri Jun 23 2023 21:58:14 GMT-0600 (Mountain Daylight Time),6,27.7,-11.3,729
219,Fri Jun 23 2023 22:58:14 GMT-0600 (Mountain Daylight Time),5.3,29.5,-11.1,727.8
220,Fri Jun 23 2023 23:58:14 GMT-0600 (Mountain Daylight Time),4.3,32,-11,726.8
221,Sat Jun 24 2023 00:58:14 GMT-0600 (Mountain Daylight Time),6,28.7,-10.8,726.5
222,Sat Jun 24 2023 01:58:14 GMT-0600 (Mountain Daylight Time),5.3,30.7,-10.6,726
223,Sat Jun 24 2023 02:58:14 GMT-0600 (Mountain Daylight Time),1.5,35.1,-12.3,725.6
224,Sat Jun 24 2023 03:58:14 GMT-0600 (Mountain Daylight Time),-1.1,43.4,-12,726.1
225,Sat Jun 24 2023 04:58:14 GMT-0600 (Mountain Daylight Time),-5.2,56.3,-12.6,726.6
226,Sat Jun 24 2023 05:58:14 GMT-0600 (Mountain Daylight Time),-4.7,56.1,-12.1,727.3
227,Sat Jun 24 2023 06:58:14 GMT-0600 (Mountain Daylight Time),-3.9,52.1,-12.3,728.2
228,Sat Jun 24 2023 07:58:14 GMT-0600 (Mountain Daylight Time),-6.6,60.1,-13.1,729
229,Sat Jun 24 2023 08:58:14 GMT-0600 (Mountain Daylight Time),-5.8,55.4,-13.3,729.2
230,Sat Jun 24 2023 09:58:14 GMT-0600 (Mountain Daylight Time),-5,51.8,-13.4,730
231,Sat Jun 24 2023 10:58:14 GMT-0600 (Mountain Daylight Time),-5.5,51.7,-13.9,730.8
232,Sat Jun 24 2023 11:58:14 GMT-0600 (Mountain Daylight Time),-5.3,51.8,-13.7,731.1
233,Sat Jun 24 2023 12:58:14 GMT-0600 (Mountain Daylight Time),-6.9,55.3,-14.4,731.4
234,Sat Jun 24 2023 13:58:14 GMT-0600 (Mountain Daylight Time),-6.4,51.7,-14.7,732.4
235,Sat Jun 24 2023 14:58:14 GMT-0600 (Mountain Daylight Time),-7.1,53.2,-15.1,732.4
236,Sat Jun 24 2023 15:58:14 GMT-0600 (Mountain Daylight Time),-10.5,62.8,-16.3,732.7
237,Sat Jun 24 2023 16:58:14 GMT-0600 (Mountain Daylight Time),-8.8,55.5,-16.1,733
238,Sat Jun 24 2023 17:58:14 GMT-0600 (Mountain Daylight Time),-6,42.5,-16.8,733.8
239,Sat Jun 24 2023 18:58:14 GMT-0600 (Mountain Daylight Time),-1.7,32.8,-16,734.2
240,Sat Jun 24 2023 19:58:14 GMT-0600 (Mountain Daylight Time),0.6,30.6,-14.8,734.2
241,Sat Jun 24 2023 20:58:14 GMT-0600 (Mountain Daylight Time),1.7,28.1,-14.9,733.8
242,Sat Jun 24 2023 21:58:14 GMT-0600 (Mountain Daylight Time),2.4,26.7,-14.9,733.1
243,Sat Jun 24 2023 22:58:14 GMT-0600 (Mountain Daylight Time),3,26.3,-14.5,732.6
244,Sat Jun 24 2023 23:58:14 GMT-0600 (Mountain Daylight Time),3.9,24.5,-14.6,732.7
245,Sun Jun 25 2023 00:58:14 GMT-0600 (Mountain Daylight Time),4.6,23.5,-14.5,732.7
246,Sun Jun 25 2023 01:58:14 GMT-0600 (Mountain Daylight Time),4.2,18.9,-17.5,732.8
247,Sun Jun 25 2023 02:58:14 GMT-0600 (Mountain Daylight Time),0.6,25.2,-17.2,733.2
248,Sun Jun 25 2023 03:58:14 GMT-0600 (Mountain Daylight Time),-2.9,32.8,-17.1,733.5
249,Sun Jun 25 2023 04:58:14 GMT-0600 (Mountain Daylight Time),-5.8,41.2,-16.9,733.9
250,Sun Jun 25 2023 05:58:14 GMT-0600 (Mountain Daylight Time),-8.2,49.4,-17,734
251,Sun Jun 25 2023 06:58:14 GMT-0600 (Mountain Daylight Time),-10,57.2,-16.9,734.1
252,Sun Jun 25 2023 07:58:14 GMT-0600 (Mountain Daylight Time),-11.1,60.7,-17.2,733.5
253,Sun Jun 25 2023 08:58:14 GMT-0600 (Mountain Daylight Time),-11.8,62.3,-17.6,733.2
254,Sun Jun 25 2023 09:58:14 GMT-0600 (Mountain Daylight Time),-12.5,65.6,-17.6,732.8
255,Sun Jun 25 2023 10:58:14 GMT-0600 (Mountain Daylight Time),-13,68.1,-17.7,732
256,Sun Jun 25 2023 11:58:14 GMT-0600 (Mountain Daylight Time),-11.8,69.5,-16.3,730.7
257,Sun Jun 25 2023 12:58:14 GMT-0600 (Mountain Daylight Time),-10.1,62.9,-15.9,729.5
258,Sun Jun 25 2023 13:58:14 GMT-0600 (Mountain Daylight Time),-7.5,53.6,-15.3,729.3
259,Sun Jun 25 2023 14:58:14 GMT-0600 (Mountain Daylight Time),-7.2,52.7,-15.3,728.6
260,Sun Jun 25 2023 15:58:14 GMT-0600 (Mountain Daylight Time),-7.7,54.9,-15.2,728.5
261,Sun Jun 25 2023 16:58:14 GMT-0600 (Mountain Daylight Time),-7.9,61.6,-14,728.3
262,Sun Jun 25 2023 17:58:14 GMT-0600 (Mountain Daylight Time),-6.1,57.5,-13.2,728.4
263,Sun Jun 25 2023 18:58:14 GMT-0600 (Mountain Daylight Time),-3.8,44.6,-14.1,728.3
264,Sun Jun 25 2023 19:58:14 GMT-0600 (Mountain Daylight Time),-3.2,41.8,-14.4,728.6
265,Sun Jun 25 2023 20:58:14 GMT-0600 (Mountain Daylight Time),-0.6,31.1,-15.7,728.2
266,Sun Jun 25 2023 21:58:14 GMT-0600 (Mountain Daylight Time),-1.2,32.7,-15.6,728.2
267,Sun Jun 25 2023 22:58:14 GMT-0600 (Mountain Daylight Time),0,29.2,-15.9,727.7
268,Sun Jun 25 2023 23:58:14 GMT-0600 (Mountain Daylight Time),0.7,27,-16.2,727.7
269,Mon Jun 26 2023 00:58:14 GMT-0600 (Mountain Daylight Time),0.5,25.3,-17.2,728.5
270,Mon Jun 26 2023 01:58:14 GMT-0600 (Mountain Daylight Time),0.9,26.5,-16.3,729
271,Mon Jun 26 2023 02:58:14 GMT-0600 (Mountain Daylight Time),-2.3,30.5,-17.4,729.9
272,Mon Jun 26 2023 03:58:14 GMT-0600 (Mountain Daylight Time),-4.8,38.5,-16.9,730.9
273,Mon Jun 26 2023 04:58:14 GMT-0600 (Mountain Daylight Time),-5.9,41.8,-16.9,732.1
274,Mon Jun 26 2023 05:58:14 GMT-0600 (Mountain Daylight Time),-6.7,42.1,-17.5,732.7
275,Mon Jun 26 2023 06:58:14 GMT-0600 (Mountain Daylight Time),-8,45.7,-17.7,732.9
276,Mon Jun 26 2023 07:58:14 GMT-0600 (Mountain Daylight Time),-12.6,56.9,-19.4,733
277,Mon Jun 26 2023 08:58:14 GMT-0600 (Mountain Daylight Time),-14.6,63.2,-20.1,733.2
278,Mon Jun 26 2023 09:58:14 GMT-0600 (Mountain Daylight Time),-16,69.1,-20.4,733
279,Mon Jun 26 2023 10:58:14 GMT-0600 (Mountain Daylight Time),-16.3,70.2,-20.5,732.8
280,Mon Jun 26 2023 11:58:14 GMT-0600 (Mountain Daylight Time),-16.6,75.8,-19.9,732.7
281,Mon Jun 26 2023 12:58:14 GMT-0600 (Mountain Daylight Time),-16.9,75.2,-20.3,732.3
282,Mon Jun 26 2023 13:58:14 GMT-0600 (Mountain Daylight Time),-17.7,77.5,-20.7,731.9
283,Mon Jun 26 2023 14:58:14 GMT-0600 (Mountain Daylight Time),-17.4,78,-20.3,732.4
284,Mon Jun 26 2023 15:58:14 GMT-0600 (Mountain Daylight Time),-15.6,79.6,-18.3,731.7
285,Mon Jun 26 2023 16:58:14 GMT-0600 (Mountain Daylight Time),-12.9,75.4,-16.4,731.3
286,Mon Jun 26 2023 17:58:14 GMT-0600 (Mountain Daylight Time),-9.7,71.9,-13.8,731.3
287,Mon Jun 26 2023 18:58:14 GMT-0600 (Mountain Daylight Time),-5.5,53,-13.6,731.1
288,Mon Jun 26 2023 19:58:14 GMT-0600 (Mountain Daylight Time),-4.8,51.4,-13.3,731.2
289,Mon Jun 26 2023 20:58:14 GMT-0600 (Mountain Daylight Time),-4.5,58.5,-11.4,730.9
290,Mon Jun 26 2023 21:58:14 GMT-0600 (Mountain Daylight Time),-3.8,54.5,-11.7,730.7
291,Mon Jun 26 2023 22:58:14 GMT-0600 (Mountain Daylight Time),-4.4,54.7,-12.2,730.4
292,Mon Jun 26 2023 23:58:14 GMT-0600 (Mountain Daylight Time),-5.3,57.6,-12.4,730.5
293,Tue Jun 27 2023 00:58:14 GMT-0600 (Mountain Daylight Time),-4.2,57.3,-11.4,730
294,Tue Jun 27 2023 01:58:14 GMT-0600 (Mountain Daylight Time),-4.2,58,-11.3,730.1
295,Tue Jun 27 2023 02:58:14 GMT-0600 (Mountain Daylight Time),-4.7,60.7,-11.2,730.7
296,Tue Jun 27 2023 03:58:14 GMT-0600 (Mountain Daylight Time),-4.8,63.1,-10.8,731.5
297,Tue Jun 27 2023 04:58:14 GMT-0600 (Mountain Daylight Time),-6,66.2,-11.3,732.1
298,Tue Jun 27 2023 05:58:14 GMT-0600 (Mountain Daylight Time),-7.9,71.4,-12.2,732.3
299,Tue Jun 27 2023 06:58:14 GMT-0600 (Mountain Daylight Time),-9.6,76.3,-13,732.1
300,Tue Jun 27 2023 07:58:14 GMT-0600 (Mountain Daylight Time),-10.9,80.6,-13.6,732.3
301,Tue Jun 27 2023 08:58:14 GMT-0600 (Mountain Daylight Time),-11.9,83.9,-14.1,732.2
302,Tue Jun 27 2023 09:58:14 GMT-0600 (Mountain Daylight Time),-12.9,87.2,-14.6,732.2
303,Tue Jun 27 2023 10:58:14 GMT-0600 (Mountain Daylight Time),-14.7,85.4,-16.6,732.2
304,Tue Jun 27 2023 11:58:14 GMT-0600 (Mountain Daylight Time),-15.3,85.6,-17.2,731.6
305,Tue Jun 27 2023 12:58:14 GMT-0600 (Mountain Daylight Time),-15.9,85.9,-17.7,730.9
306,Tue Jun 27 2023 13:58:14 GMT-0600 (Mountain Daylight Time),-16.3,86.8,-18,730.9
307,Tue Jun 27 2023 14:58:14 GMT-0600 (Mountain Daylight Time),-16.4,86.5,-18.1,730.8
308,Tue Jun 27 2023 15:58:14 GMT-0600 (Mountain Daylight Time),-16.3,87.1,-18,731
309,Tue Jun 27 2023 16:58:14 GMT-0600 (Mountain Daylight Time),-16.1,86.4,-17.9,731.4
310,Tue Jun 27 2023 17:58:14 GMT-0600 (Mountain Daylight Time),-14.7,88.5,-16.2,731.7
311,Tue Jun 27 2023 18:58:14 GMT-0600 (Mountain Daylight Time),-4.2,72.8,-8.4,731.8
312,Tue Jun 27 2023 19:58:14 GMT-0600 (Mountain Daylight Time),-0.7,45.7,-11,732.1
313,Tue Jun 27 2023 20:58:14 GMT-0600 (Mountain Daylight Time),0.8,37.3,-12.2,731.9
314,Tue Jun 27 2023 21:58:14 GMT-0600 (Mountain Daylight Time),1.1,35.8,-12.4,731.4
315,Tue Jun 27 2023 22:58:14 GMT-0600 (Mountain Daylight Time),2.1,32.4,-12.8,731.2
316,Tue Jun 27 2023 23:58:14 GMT-0600 (Mountain Daylight Time),0.6,36.6,-12.6,731
317,Wed Jun 28 2023 00:58:14 GMT-0600 (Mountain Daylight Time),1,38.5,-11.6,731.1
318,Wed Jun 28 2023 01:58:14 GMT-0600 (Mountain Daylight Time),3.4,33.2,-11.3,731
319,Wed Jun 28 2023 02:58:14 GMT-0600 (Mountain Daylight Time),1.8,25.1,-16.2,731.2
320,Wed Jun 28 2023 03:58:14 GMT-0600 (Mountain Daylight Time),-5.1,39.4,-16.8,731.4
321,Wed Jun 28 2023 04:58:14 GMT-0600 (Mountain Daylight Time),-7.3,49.2,-16.2,732
322,Wed Jun 28 2023 05:58:14 GMT-0600 (Mountain Daylight Time),-9.4,56.7,-16.4,732
323,Wed Jun 28 2023 06:58:14 GMT-0600 (Mountain Daylight Time),-10.3,60.2,-16.6,732.3
324,Wed Jun 28 2023 07:58:14 GMT-0600 (Mountain Daylight Time),-11.5,64.3,-16.9,731.9
325,Wed Jun 28 2023 08:58:14 GMT-0600 (Mountain Daylight Time),-12.3,68.4,-17,731.8
326,Wed Jun 28 2023 09:58:14 GMT-0600 (Mountain Daylight Time),-12.9,71.1,-17.1,731.7
327,Wed Jun 28 2023 10:58:14 GMT-0600 (Mountain Daylight Time),-13,74.3,-16.6,731.6
328,Wed Jun 28 2023 11:58:14 GMT-0600 (Mountain Daylight Time),-12.9,75,-16.4,731.6
329,Wed Jun 28 2023 12:58:14 GMT-0600 (Mountain Daylight Time),-13.2,77.3,-16.3,731.5
330,Wed Jun 28 2023 13:58:14 GMT-0600 (Mountain Daylight Time),-13.7,77.8,-16.8,731.7
331,Wed Jun 28 2023 14:58:14 GMT-0600 (Mountain Daylight Time),-13.5,77.9,-16.5,731.9
332,Wed Jun 28 2023 15:58:14 GMT-0600 (Mountain Daylight Time),-12.2,77.3,-15.4,732.1
333,Wed Jun 28 2023 16:58:14 GMT-0600 (Mountain Daylight Time),-11.8,76.1,-15.2,732.3
334,Wed Jun 28 2023 17:58:14 GMT-0600 (Mountain Daylight Time),-8.8,73.4,-12.7,732.5
335,Wed Jun 28 2023 18:58:14 GMT-0600 (Mountain Daylight Time),-2.6,59,-9.5,732
336,Wed Jun 28 2023 19:58:14 GMT-0600 (Mountain Daylight Time),0.3,40.2,-11.7,732
337,Wed Jun 28 2023 20:58:14 GMT-0600 (Mountain Daylight Time),2.1,36.8,-11.2,731.2
338,Wed Jun 28 2023 21:58:14 GMT-0600 (Mountain Daylight Time),2.6,32.8,-12.2,730.6
339,Wed Jun 28 2023 22:58:14 GMT-0600 (Mountain Daylight Time),2.2,33.5,-12.3,729.6
340,Wed Jun 28 2023 23:58:14 GMT-0600 (Mountain Daylight Time),2.5,34.3,-11.7,729.1
341,Thu Jun 29 2023 00:58:14 GMT-0600 (Mountain Daylight Time),5.8,27.8,-11.4,728.7
342,Thu Jun 29 2023 01:58:14 GMT-0600 (Mountain Daylight Time),2.3,39,-10.3,729.8
343,Thu Jun 29 2023 02:58:14 GMT-0600 (Mountain Daylight Time),-0.8,48.1,-10.4,730.4
344,Thu Jun 29 2023 03:58:14 GMT-0600 (Mountain Daylight Time),-4,70.5,-8.6,731.1
345,Thu Jun 29 2023 04:58:14 GMT-0600 (Mountain Daylight Time),-4.8,78.2,-8,732.7
346,Thu Jun 29 2023 05:58:14 GMT-0600 (Mountain Daylight Time),-5.5,78.1,-8.7,733
347,Thu Jun 29 2023 06:58:14 GMT-0600 (Mountain Daylight Time),-7.9,76.5,-11.3,733.3
348,Thu Jun 29 2023 07:58:14 GMT-0600 (Mountain Daylight Time),-10.9,78.2,-14,733.8
349,Thu Jun 29 2023 08:58:14 GMT-0600 (Mountain Daylight Time),-11.2,73,-15.1,734.1
350,Thu Jun 29 2023 09:58:14 GMT-0600 (Mountain Daylight Time),-13.7,78.4,-16.7,734.7
351,Thu Jun 29 2023 10:58:14 GMT-0600 (Mountain Daylight Time),-14.5,79.2,-17.3,735.2
352,Thu Jun 29 2023 11:58:14 GMT-0600 (Mountain Daylight Time),-15.9,82.4,-18.2,735.1
353,Thu Jun 29 2023 12:58:14 GMT-0600 (Mountain Daylight Time),-15.5,81.5,-18,735.2
354,Thu Jun 29 2023 13:58:14 GMT-0600 (Mountain Daylight Time),-14.7,78.6,-17.6,735.5
355,Thu Jun 29 2023 14:58:14 GMT-0600 (Mountain Daylight Time),-15.2,80.1,-17.9,736
356,Thu Jun 29 2023 15:58:14 GMT-0600 (Mountain Daylight Time),-16.5,83.8,-18.6,736.3
357,Thu Jun 29 2023 16:58:14 GMT-0600 (Mountain Daylight Time),-15.2,77.5,-18.3,736.5
358,Thu Jun 29 2023 17:58:14 GMT-0600 (Mountain Daylight Time),-14.4,78.5,-17.3,736.6
359,Thu Jun 29 2023 18:58:14 GMT-0600 (Mountain Daylight Time),-7.1,60.3,-13.5,736.7
360,Thu Jun 29 2023 19:58:14 GMT-0600 (Mountain Daylight Time),-1.9,36.4,-14.9,736
361,Thu Jun 29 2023 20:58:14 GMT-0600 (Mountain Daylight Time),0,30,-15.6,735.9
362,Thu Jun 29 2023 21:58:14 GMT-0600 (Mountain Daylight Time),0.6,27.9,-15.9,735.5
363,Thu Jun 29 2023 22:58:14 GMT-0600 (Mountain Daylight Time),1.6,31.8,-13.4,735.1
364,Thu Jun 29 2023 23:58:14 GMT-0600 (Mountain Daylight Time),2.6,28.3,-14,734.3
365,Fri Jun 30 2023 00:58:14 GMT-0600 (Mountain Daylight Time),1.8,35.9,-11.8,734.1
366,Fri Jun 30 2023 01:58:14 GMT-0600 (Mountain Daylight Time),2.2,42.3,-9.3,733.8
367,Fri Jun 30 2023 02:58:14 GMT-0600 (Mountain Daylight Time),-0.5,51.1,-9.4,733.8
368,Fri Jun 30 2023 03:58:14 GMT-0600 (Mountain Daylight Time),-3.1,63.1,-9.1,733.9
369,Fri Jun 30 2023 04:58:14 GMT-0600 (Mountain Daylight Time),-3.9,69.7,-8.6,733.3
370,Fri Jun 30 2023 05:58:14 GMT-0600 (Mountain Daylight Time),-4.2,70,-8.9,733.1
371,Fri Jun 30 2023 06:58:14 GMT-0600 (Mountain Daylight Time),-5.5,70.9,-10,732.8
372,Fri Jun 30 2023 07:58:14 GMT-0600 (Mountain Daylight Time),-6.4,70,-11,732.7
373,Fri Jun 30 2023 08:58:14 GMT-0600 (Mountain Daylight Time),-4.7,63.2,-10.6,731.8
374,Fri Jun 30 2023 09:58:14 GMT-0600 (Mountain Daylight Time),-5.7,64.2,-11.4,731.9
375,Fri Jun 30 2023 10:58:14 GMT-0600 (Mountain Daylight Time),-3.9,57.3,-11.1,732.1
376,Fri Jun 30 2023 11:58:14 GMT-0600 (Mountain Daylight Time),-3.8,52.4,-12.2,732
377,Fri Jun 30 2023 12:58:14 GMT-0600 (Mountain Daylight Time),-5,53.3,-13.1,732.4
378,Fri Jun 30 2023 13:58:14 GMT-0600 (Mountain Daylight Time),-9,65.7,-14.3,732.5
379,Fri Jun 30 2023 14:58:14 GMT-0600 (Mountain Daylight Time),-9.9,68.9,-14.6,732.5
380,Fri Jun 30 2023 15:58:14 GMT-0600 (Mountain Daylight Time),-10,68.7,-14.7,732.8
381,Fri Jun 30 2023 16:58:14 GMT-0600 (Mountain Daylight Time),-10.7,69.6,-15.2,733.1
382,Fri Jun 30 2023 17:58:14 GMT-0600 (Mountain Daylight Time),-11.2,73.5,-15,733.1
383,Fri Jun 30 2023 18:58:14 GMT-0600 (Mountain Daylight Time),-1.2,46.2,-11.3,733.4
384,Fri Jun 30 2023 19:58:14 GMT-0600 (Mountain Daylight Time),1.8,31.2,-13.5,733.3
385,Fri Jun 30 2023 20:58:14 GMT-0600 (Mountain Daylight Time),2.6,23.9,-16.1,732.8
386,Fri Jun 30 2023 21:58:14 GMT-0600 (Mountain Daylight Time),3.8,21.2,-16.5,732.6
387,Fri Jun 30 2023 22:58:14 GMT-0600 (Mountain Daylight Time),4.6,18.3,-17.6,732.2
388,Fri Jun 30 2023 23:58:14 GMT-0600 (Mountain Daylight Time),4.9,16.1,-18.8,732.2
389,Sat Jul 01 2023 00:58:14 GMT-0600 (Mountain Daylight Time),6.3,14.2,-19.2,732.6
390,Sat Jul 01 2023 01:58:14 GMT-0600 (Mountain Daylight Time),6.5,14.2,-19,732.9
391,Sat Jul 01 2023 02:58:14 GMT-0600 (Mountain Daylight Time),5.4,17,-17.8,733.6
392,Sat Jul 01 2023 03:58:14 GMT-0600 (Mountain Daylight Time),1.3,22.1,-18.1,734.8
393,Sat Jul 01 2023 04:58:14 GMT-0600 (Mountain Daylight Time),-3.7,33.4,-17.6,735.8
394,Sat Jul 01 2023 05:58:14 GMT-0600 (Mountain Daylight Time),-5.2,38.8,-17.1,736
395,Sat Jul 01 2023 06:58:14 GMT-0600 (Mountain Daylight Time),-5.1,51.4,-13.6,736.2
396,Sat Jul 01 2023 07:58:14 GMT-0600 (Mountain Daylight Time),-5.4,66.7,-10.6,736.4
397,Sat Jul 01 2023 08:58:14 GMT-0600 (Mountain Daylight Time),-7.6,68.6,-12.4,736.6
398,Sat Jul 01 2023 09:58:14 GMT-0600 (Mountain Daylight Time),-8.4,61.7,-14.5,736.8
399,Sat Jul 01 2023 10:58:14 GMT-0600 (Mountain Daylight Time),-10.3,64.6,-15.7,736.9
400,Sat Jul 01 2023 11:58:14 GMT-0600 (Mountain Daylight Time),-11.3,67.1,-16.2,737.3
401,Sat Jul 01 2023 12:58:14 GMT-0600 (Mountain Daylight Time),-12.9,73.2,-16.7,737.2
402,Sat Jul 01 2023 13:58:14 GMT-0600 (Mountain Daylight Time),-13.1,72.7,-17,737.2
403,Sat Jul 01 2023 14:58:14 GMT-0600 (Mountain Daylight Time),-13.6,73.4,-17.4,737.2
404,Sat Jul 01 2023 15:58:14 GMT-0600 (Mountain Daylight Time),-14,72.5,-17.9,737.5
405,Sat Jul 01 2023 16:58:14 GMT-0600 (Mountain Daylight Time),-14,68.4,-18.6,737.7
406,Sat Jul 01 2023 17:58:14 GMT-0600 (Mountain Daylight Time),-13.8,69.8,-18.2,738.1
407,Sat Jul 01 2023 18:58:14 GMT-0600 (Mountain Daylight Time),-4.3,52.4,-12.6,738.2
408,Sat Jul 01 2023 19:58:14 GMT-0600 (Mountain Daylight Time),1.2,30,-14.5,737.8
409,Sat Jul 01 2023 20:58:14 GMT-0600 (Mountain Daylight Time),4.4,22.5,-15.2,737.8
410,Sat Jul 01 2023 21:58:14 GMT-0600 (Mountain Daylight Time),5.7,22.4,-14.2,737.6
411,Sat Jul 01 2023 22:58:14 GMT-0600 (Mountain Daylight Time),6.3,20.1,-15,736.9
412,Sat Jul 01 2023 23:58:14 GMT-0600 (Mountain Daylight Time),7.6,15.9,-16.8,736.7
413,Sun Jul 02 2023 00:58:14 GMT-0600 (Mountain Daylight Time),9,18,-14.1,736.7
414,Sun Jul 02 2023 01:58:14 GMT-0600 (Mountain Daylight Time),10.2,17.3,-13.6,736.8
415,Sun Jul 02 2023 02:58:14 GMT-0600 (Mountain Daylight Time),8.5,19.9,-13.3,737.6
416,Sun Jul 02 2023 03:58:14 GMT-0600 (Mountain Daylight Time),2.4,29.8,-13.5,738.3
417,Sun Jul 02 2023 04:58:14 GMT-0600 (Mountain Daylight Time),-4.4,47.7,-13.9,739.1
418,Sun Jul 02 2023 05:58:14 GMT-0600 (Mountain Daylight Time),-5.6,54.4,-13.4,739.7
419,Sun Jul 02 2023 06:58:14 GMT-0600 (Mountain Daylight Time),-5.4,61.3,-11.7,739.8
420,Sun Jul 02 2023 07:58:14 GMT-0600 (Mountain Daylight Time),-5,61.4,-11.3,739.5
421,Sun Jul 02 2023 08:58:14 GMT-0600 (Mountain Daylight Time),-6.6,64.9,-12.1,739.2
422,Sun Jul 02 2023 09:58:14 GMT-0600 (Mountain Daylight Time),-8.7,69.1,-13.4,738.5
423,Sun Jul 02 2023 10:58:14 GMT-0600 (Mountain Daylight Time),-7.5,62.8,-13.4,738.2
424,Sun Jul 02 2023 11:58:14 GMT-0600 (Mountain Daylight Time),-4.9,53.4,-12.9,737.9
425,Sun Jul 02 2023 12:58:14 GMT-0600 (Mountain Daylight Time),-4.9,51,-13.5,737.7
426,Sun Jul 02 2023 13:58:14 GMT-0600 (Mountain Daylight Time),-7.2,57.5,-14.2,737.8
427,Sun Jul 02 2023 14:58:14 GMT-0600 (Mountain Daylight Time),-8.7,61.1,-14.9,737.9
428,Sun Jul 02 2023 15:58:14 GMT-0600 (Mountain Daylight Time),-9.2,63.4,-14.9,737.9
429,Sun Jul 02 2023 16:58:14 GMT-0600 (Mountain Daylight Time),-10.7,68.8,-15.3,738
430,Sun Jul 02 2023 17:58:14 GMT-0600 (Mountain Daylight Time),-10,69.2,-14.6,738.5
431,Sun Jul 02 2023 18:58:14 GMT-0600 (Mountain Daylight Time),-6.5,72.3,-10.7,738.8
432,Sun Jul 02 2023 19:58:14 GMT-0600 (Mountain Daylight Time),-3.3,65.6,-8.8,738.7
433,Sun Jul 02 2023 20:58:14 GMT-0600 (Mountain Daylight Time),-0.2,56.6,-7.8,738.5
434,Sun Jul 02 2023 21:58:14 GMT-0600 (Mountain Daylight Time),3.2,43.7,-8,738.1
435,Sun Jul 02 2023 22:58:14 GMT-0600 (Mountain Daylight Time),6.9,29.4,-9.7,737.4
436,Sun Jul 02 2023 23:58:14 GMT-0600 (Mountain Daylight Time),7.7,26.1,-10.6,736.8
437,Mon Jul 03 2023 00:58:14 GMT-0600 (Mountain Daylight Time),6.3,34.9,-8.1,737
438,Mon Jul 03 2023 01:58:14 GMT-0600 (Mountain Daylight Time),6.4,31.6,-9.3,737.3
439,Mon Jul 03 2023 02:58:14 GMT-0600 (Mountain Daylight Time),5.6,39.1,-7.2,737.9
440,Mon Jul 03 2023 03:58:14 GMT-0600 (Mountain Daylight Time),-3.2,62.9,-9.3,738.9
441,Mon Jul 03 2023 04:58:14 GMT-0600 (Mountain Daylight Time),-7.4,82.8,-9.8,739.9
442,Mon Jul 03 2023 05:58:14 GMT-0600 (Mountain Daylight Time),-7.8,86.8,-9.6,740.7
443,Mon Jul 03 2023 06:58:14 GMT-0600 (Mountain Daylight Time),-8.1,89,-9.6,741.2
444,Mon Jul 03 2023 07:58:14 GMT-0600 (Mountain Daylight Time),-8.4,88.6,-9.9,741.5
445,Mon Jul 03 2023 08:58:14 GMT-0600 (Mountain Daylight Time),-8.6,87.6,-10.3,741.3
446,Mon Jul 03 2023 09:58:14 GMT-0600 (Mountain Daylight Time),-9,88.7,-10.5,741.2
447,Mon Jul 03 2023 10:58:14 GMT-0600 (Mountain Daylight Time),-9,89.1,-10.5,741.3
448,Mon Jul 03 2023 11:58:14 GMT-0600 (Mountain Daylight Time),-9.2,89.2,-10.7,741.4
449,Mon Jul 03 2023 12:58:14 GMT-0600 (Mountain Daylight Time),-9.6,89.5,-11,741.2
450,Mon Jul 03 2023 13:58:14 GMT-0600 (Mountain Daylight Time),-10.1,90.1,-11.4,740.9
451,Mon Jul 03 2023 14:58:14 GMT-0600 (Mountain Daylight Time),-10.6,89.6,-12,740.5
452,Mon Jul 03 2023 15:58:14 GMT-0600 (Mountain Daylight Time),-13.2,87.3,-14.9,740.1
453,Mon Jul 03 2023 16:58:14 GMT-0600 (Mountain Daylight Time),-13.8,87.5,-15.4,740.3
454,Mon Jul 03 2023 17:58:14 GMT-0600 (Mountain Daylight Time),-14,87.6,-15.6,740.3
455,Mon Jul 03 2023 18:58:14 GMT-0600 (Mountain Daylight Time),-14,87.6,-15.6,740.3
456,Mon Jul 03 2023 19:58:14 GMT-0600 (Mountain Daylight Time),-14.4,87.6,-16,740.1
457,Mon Jul 03 2023 20:58:14 GMT-0600 (Mountain Daylight Time),-14.5,87.8,-16.1,740.1
458,Mon Jul 03 2023 21:58:14 GMT-0600 (Mountain Daylight Time),-14.6,88.1,-16.1,740
459,Mon Jul 03 2023 22:58:14 GMT-0600 (Mountain Daylight Time),-14.6,88.2,-16.1,740.1
460,Mon Jul 03 2023 23:58:14 GMT-0600 (Mountain Daylight Time),-14.6,88.1,-16.1,740.1
461,Tue Jul 04 2023 00:58:14 GMT-0600 (Mountain Daylight Time),-14.6,88.4,-16.1,740.1
462,Tue Jul 04 2023 01:58:14 GMT-0600 (Mountain Daylight Time),-14.6,88.8,-16,740.1
463,Tue Jul 04 2023 02:58:14 GMT-0600 (Mountain Daylight Time),-14.6,88.8,-16,740.1
464,Tue Jul 04 2023 03:58:14 GMT-0600 (Mountain Daylight Time),-14.5,88.6,-16,740.1
465,Tue Jul 04 2023 04:58:14 GMT-0600 (Mountain Daylight Time),-14.5,88.8,-15.9,740
466,Tue Jul 04 2023 05:58:14 GMT-0600 (Mountain Daylight Time),-14.4,89,-15.8,740
467,Tue Jul 04 2023 06:58:14 GMT-0600 (Mountain Daylight Time),-14.4,88.8,-15.8,740
468,Tue Jul 04 2023 07:58:14 GMT-0600 (Mountain Daylight Time),-14.2,89.3,-15.6,740.1
469,Tue Jul 04 2023 08:58:14 GMT-0600 (Mountain Daylight Time),-14,89.1,-15.4,740
470,Tue Jul 04 2023 09:58:14 GMT-0600 (Mountain Daylight Time),-14,89.2,-15.4,740.1
471,Tue Jul 04 2023 10:58:14 GMT-0600 (Mountain Daylight Time),-13.3,88.7,-14.8,740.4
472,Tue Jul 04 2023 11:58:14 GMT-0600 (Mountain Daylight Time),-7.6,83.3,-9.9,740.5
473,Tue Jul 04 2023 12:58:14 GMT-0600 (Mountain Daylight Time),-1.8,65.6,-7.4,740.1
474,Tue Jul 04 2023 13:58:14 GMT-0600 (Mountain Daylight Time),2.6,38,-10.3,739.6
475,Tue Jul 04 2023 14:58:14 GMT-0600 (Mountain Daylight Time),5.3,24,-13.7,739
476,Tue Jul 04 2023 15:58:14 GMT-0600 (Mountain Daylight Time),4.9,25.9,-13.1,738.5
477,Tue Jul 04 2023 16:58:14 GMT-0600 (Mountain Daylight Time),6.9,23.1,-12.8,737.4
478,Tue Jul 04 2023 17:58:14 GMT-0600 (Mountain Daylight Time),7.7,20.8,-13.4,736.9
479,Tue Jul 04 2023 18:58:14 GMT-0600 (Mountain Daylight Time),5.8,22.8,-13.9,736.3
480,Tue Jul 04 2023 19:58:14 GMT-0600 (Mountain Daylight Time),3,36.9,-10.3,736.8
481,Tue Jul 04 2023 20:58:14 GMT-0600 (Mountain Daylight Time),-0.4,52.9,-8.9,737.3
482,Tue Jul 04 2023 21:58:14 GMT-0600 (Mountain Daylight Time),-3.1,59.5,-9.9,737.8
483,Tue Jul 04 2023 22:58:14 GMT-0600 (Mountain Daylight Time),-4.6,64.5,-10.3,737.7
484,Tue Jul 04 2023 23:58:14 GMT-0600 (Mountain Daylight Time),-4.2,63,-10.2,737.5
485,Wed Jul 05 2023 00:58:14 GMT-0600 (Mountain Daylight Time),-5.2,62.3,-11.3,737.2
486,Wed Jul 05 2023 01:58:14 GMT-0600 (Mountain Daylight Time),-5.7,64.8,-11.3,736.8
487,Wed Jul 05 2023 02:58:14 GMT-0600 (Mountain Daylight Time),-6.1,66.5,-11.3,736.3
488,Wed Jul 05 2023 03:58:14 GMT-0600 (Mountain Daylight Time),-6.3,70.9,-10.7,736.9
489,Wed Jul 05 2023 04:58:14 GMT-0600 (Mountain Daylight Time),-8.1,74.2,-11.9,737
490,Wed Jul 05 2023 05:58:14 GMT-0600 (Mountain Daylight Time),-9.9,77.3,-13.1,737.2
491,Wed Jul 05 2023 06:58:14 GMT-0600 (Mountain Daylight Time),-11.1,80.6,-13.8,736.9
492,Wed Jul 05 2023 07:58:14 GMT-0600 (Mountain Daylight Time),-7.6,66,-12.9,737.6
493,Wed Jul 05 2023 08:58:14 GMT-0600 (Mountain Daylight Time),-7,50.2,-15.7,738.5
494,Wed Jul 05 2023 09:58:14 GMT-0600 (Mountain Daylight Time),-7.1,46.8,-16.6,739.3
495,Wed Jul 05 2023 10:58:14 GMT-0600 (Mountain Daylight Time),-7.7,50,-16.4,740
496,Wed Jul 05 2023 11:58:14 GMT-0600 (Mountain Daylight Time),-4.7,37,-17.2,740.3
497,Wed Jul 05 2023 12:58:14 GMT-0600 (Mountain Daylight Time),-1.3,27.7,-17.7,740.9
498,Wed Jul 05 2023 13:58:14 GMT-0600 (Mountain Daylight Time),0.2,24.6,-17.8,741.2
499,Wed Jul 05 2023 14:58:14 GMT-0600 (Mountain Daylight Time),2,21.1,-18.1,741.5
500,Wed Jul 05 2023 15:58:14 GMT-0600 (Mountain Daylight Time),3,22.2,-16.6,741.7
501,Wed Jul 05 2023 16:58:14 GMT-0600 (Mountain Daylight Time),3.8,19.1,-17.7,741.4
502,Wed Jul 05 2023 17:58:14 GMT-0600 (Mountain Daylight Time),5.8,16.8,-17.6,741.2
503,Wed Jul 05 2023 18:58:14 GMT-0600 (Mountain Daylight Time),7,16.1,-17.1,741.5
504,Wed Jul 05 2023 19:58:14 GMT-0600 (Mountain Daylight Time),7.9,15,-17.2,741.7
505,Wed Jul 05 2023 20:58:14 GMT-0600 (Mountain Daylight Time),6.3,21.8,-14,742.1
506,Wed Jul 05 2023 21:58:14 GMT-0600 (Mountain Daylight Time),-2.3,42.4,-13.4,742.2
507,Wed Jul 05 2023 22:58:14 GMT-0600 (Mountain Daylight Time),-4.7,52.7,-12.9,742.3
508,Wed Jul 05 2023 23:58:14 GMT-0600 (Mountain Daylight Time),-5.9,57.3,-13,742.4
509,Thu Jul 06 2023 00:58:14 GMT-0600 (Mountain Daylight Time),-7.5,61.8,-13.6,742.6
510,Thu Jul 06 2023 01:58:14 GMT-0600 (Mountain Daylight Time),-8.4,65.7,-13.7,742.4
511,Thu Jul 06 2023 02:58:14 GMT-0600 (Mountain Daylight Time),-9.5,69.5,-14.1,741.6
512,Thu Jul 06 2023 03:58:14 GMT-0600 (Mountain Daylight Time),-10.3,71.1,-14.6,740.5
513,Thu Jul 06 2023 04:58:14 GMT-0600 (Mountain Daylight Time),-8.2,63.2,-14,740.1
514,Thu Jul 06 2023 05:58:14 GMT-0600 (Mountain Daylight Time),-8.6,63.2,-14.4,739.8
515,Thu Jul 06 2023 06:58:14 GMT-0600 (Mountain Daylight Time),-8.5,58,-15.3,738.7
516,Thu Jul 06 2023 07:58:14 GMT-0600 (Mountain Daylight Time),-1.7,31.7,-16.4,738.2
517,Thu Jul 06 2023 08:58:14 GMT-0600 (Mountain Daylight Time),-1.1,29.5,-16.7,737.6
518,Thu Jul 06 2023 09:58:14 GMT-0600 (Mountain Daylight Time),-0.5,29.6,-16.2,737.7
519,Thu Jul 06 2023 10:58:14 GMT-0600 (Mountain Daylight Time),-0.2,31.9,-15,737.4
520,Thu Jul 06 2023 11:58:14 GMT-0600 (Mountain Daylight Time),1.2,34.6,-12.8,737.9
521,Thu Jul 06 2023 12:58:14 GMT-0600 (Mountain Daylight Time),4.7,34.5,-9.7,737.4
522,Thu Jul 06 2023 13:58:14 GMT-0600 (Mountain Daylight Time),6.2,33.9,-8.5,736.9
523,Thu Jul 06 2023 14:58:14 GMT-0600 (Mountain Daylight Time),7.5,34.3,-7.2,736.7
524,Thu Jul 06 2023 15:58:14 GMT-0600 (Mountain Daylight Time),6.9,36.5,-7,736.2
525,Thu Jul 06 2023 16:58:14 GMT-0600 (Mountain Daylight Time),9.1,33.5,-6.1,736.1
526,Thu Jul 06 2023 17:58:14 GMT-0600 (Mountain Daylight Time),7.9,38.1,-5.5,736.1
527,Thu Jul 06 2023 18:58:14 GMT-0600 (Mountain Daylight Time),6.5,44.6,-4.7,734.9
528,Thu Jul 06 2023 19:58:14 GMT-0600 (Mountain Daylight Time),5.4,49.8,-4.2,734.3
529,Thu Jul 06 2023 20:58:14 GMT-0600 (Mountain Daylight Time),4.7,52.5,-4.2,734.7
530,Thu Jul 06 2023 21:58:14 GMT-0600 (Mountain Daylight Time),3.6,55.9,-4.4,734.5
531,Thu Jul 06 2023 22:58:14 GMT-0600 (Mountain Daylight Time),3.1,57.9,-4.4,734.1
532,Thu Jul 06 2023 23:58:14 GMT-0600 (Mountain Daylight Time),1.9,62.2,-4.6,733.9
533,Fri Jul 07 2023 00:58:14 GMT-0600 (Mountain Daylight Time),1.9,63.8,-4.2,733.2
534,Fri Jul 07 2023 01:58:14 GMT-0600 (Mountain Daylight Time),0.6,68.5,-4.5,732.2
535,Fri Jul 07 2023 02:58:14 GMT-0600 (Mountain Daylight Time),0.7,67.8,-4.6,732
536,Fri Jul 07 2023 03:58:14 GMT-0600 (Mountain Daylight Time),-0.3,75,-4.2,732.6
537,Fri Jul 07 2023 04:58:14 GMT-0600 (Mountain Daylight Time),-1,80,-4,732.3
538,Fri Jul 07 2023 05:58:14 GMT-0600 (Mountain Daylight Time),-2.8,84.8,-5,732.5
539,Fri Jul 07 2023 06:58:14 GMT-0600 (Mountain Daylight Time),-0.2,84.7,-2.5,732.2
540,Fri Jul 07 2023 07:58:14 GMT-0600 (Mountain Daylight Time),-3.9,88.9,-5.5,732.2
541,Fri Jul 07 2023 08:58:14 GMT-0600 (Mountain Daylight Time),-4.4,92.7,-5.4,732.3
542,Fri Jul 07 2023 09:58:14 GMT-0600 (Mountain Daylight Time),-4.8,93.5,-5.7,732.8
543,Fri Jul 07 2023 10:58:14 GMT-0600 (Mountain Daylight Time),-5.5,92.8,-6.5,733
544,Fri Jul 07 2023 11:58:14 GMT-0600 (Mountain Daylight Time),-1.2,86.8,-3.1,733.7
545,Fri Jul 07 2023 12:58:14 GMT-0600 (Mountain Daylight Time),4.2,46.9,-6.1,734
546,Fri Jul 07 2023 13:58:14 GMT-0600 (Mountain Daylight Time),5.6,36.9,-8,734.2
547,Fri Jul 07 2023 14:58:14 GMT-0600 (Mountain Daylight Time),6,34.5,-8.5,734.5
548,Fri Jul 07 2023 15:58:14 GMT-0600 (Mountain Daylight Time),5.3,31.2,-10.4,734.3
549,Fri Jul 07 2023 16:58:14 GMT-0600 (Mountain Daylight Time),5.2,27.7,-12,734
550,Fri Jul 07 2023 17:58:14 GMT-0600 (Mountain Daylight Time),6.7,25.2,-11.9,733.7
551,Fri Jul 07 2023 18:58:14 GMT-0600 (Mountain Daylight Time),9.2,19.9,-12.7,734.2
552,Fri Jul 07 2023 19:58:14 GMT-0600 (Mountain Daylight Time),7,22.1,-13.2,734.5
553,Fri Jul 07 2023 20:58:14 GMT-0600 (Mountain Daylight Time),7.1,22.8,-12.8,734.8
554,Fri Jul 07 2023 21:58:14 GMT-0600 (Mountain Daylight Time),1,32.8,-13.6,735.3
555,Fri Jul 07 2023 22:58:14 GMT-0600 (Mountain Daylight Time),-3.4,44.3,-13.9,736.2
556,Fri Jul 07 2023 23:58:14 GMT-0600 (Mountain Daylight Time),-4.9,49.9,-13.8,736.7
557,Sat Jul 08 2023 00:58:14 GMT-0600 (Mountain Daylight Time),-5.2,53.7,-13.2,737.1
558,Sat Jul 08 2023 01:58:14 GMT-0600 (Mountain Daylight Time),-5.3,58.2,-12.3,737.3
559,Sat Jul 08 2023 02:58:14 GMT-0600 (Mountain Daylight Time),-4.8,61.9,-11,737.4
560,Sat Jul 08 2023 03:58:14 GMT-0600 (Mountain Daylight Time),-6.1,63.4,-11.9,737.5
561,Sat Jul 08 2023 04:58:14 GMT-0600 (Mountain Daylight Time),-6.8,69,-11.5,737.7
562,Sat Jul 08 2023 05:58:14 GMT-0600 (Mountain Daylight Time),-5.5,73.7,-9.5,737.8
563,Sat Jul 08 2023 06:58:14 GMT-0600 (Mountain Daylight Time),-6.3,75.5,-9.9,737.7
564,Sat Jul 08 2023 07:58:14 GMT-0600 (Mountain Daylight Time),-8.8,76.3,-12.2,737.6
565,Sat Jul 08 2023 08:58:14 GMT-0600 (Mountain Daylight Time),-9.8,81.7,-12.3,737.9
566,Sat Jul 08 2023 09:58:14 GMT-0600 (Mountain Daylight Time),-9.8,81.7,-12.3,737.9
567,Sat Jul 08 2023 10:58:14 GMT-0600 (Mountain Daylight Time),-11,84.6,-13.1,738.2
568,Sat Jul 08 2023 11:58:14 GMT-0600 (Mountain Daylight Time),-11.4,86.8,-13.2,738.4
569,Sat Jul 08 2023 12:58:14 GMT-0600 (Mountain Daylight Time),-9.1,82.9,-11.5,738.6
570,Sat Jul 08 2023 13:58:14 GMT-0600 (Mountain Daylight Time),-2.2,67.6,-7.4,738.8
571,Sat Jul 08 2023 14:58:14 GMT-0600 (Mountain Daylight Time),1.2,48.1,-8.6,738.7
572,Sat Jul 08 2023 15:58:14 GMT-0600 (Mountain Daylight Time),2.8,39.9,-9.5,738.4
573,Sat Jul 08 2023 16:58:14 GMT-0600 (Mountain Daylight Time),2,39.2,-10.5,738.2
574,Sat Jul 08 2023 17:58:14 GMT-0600 (Mountain Daylight Time),-0.7,46.2,-10.9,738.1
575,Sat Jul 08 2023 18:58:14 GMT-0600 (Mountain Daylight Time),-1.8,57,-9.2,738.2
576,Sat Jul 08 2023 19:58:14 GMT-0600 (Mountain Daylight Time),0.3,53.1,-8.1,738.1
577,Sat Jul 08 2023 20:58:14 GMT-0600 (Mountain Daylight Time),0.7,51.8,-8.1,738.3
578,Sat Jul 08 2023 21:58:14 GMT-0600 (Mountain Daylight Time),-2.6,58.3,-9.7,739.1
579,Sat Jul 08 2023 22:58:14 GMT-0600 (Mountain Daylight Time),-3.8,68.1,-8.8,739.8
580,Sat Jul 08 2023 23:58:14 GMT-0600 (Mountain Daylight Time),-4.5,73.2,-8.6,740.3
581,Sun Jul 09 2023 00:58:14 GMT-0600 (Mountain Daylight Time),-4.9,76.5,-8.4,740.8
582,Sun Jul 09 2023 01:58:14 GMT-0600 (Mountain Daylight Time),-5.2,82.2,-7.8,741.2
583,Sun Jul 09 2023 02:58:14 GMT-0600 (Mountain Daylight Time),-5.7,85.1,-7.8,741.3
584,Sun Jul 09 2023 03:58:14 GMT-0600 (Mountain Daylight Time),-5.8,85.2,-7.9,741
585,Sun Jul 09 2023 04:58:14 GMT-0600 (Mountain Daylight Time),-7.4,84.1,-9.6,741
586,Sun Jul 09 2023 05:58:14 GMT-0600 (Mountain Daylight Time),-9.8,87.6,-11.5,740.9
587,Sun Jul 09 2023 06:58:14 GMT-0600 (Mountain Daylight Time),-10.2,88.5,-11.7,741
588,Sun Jul 09 2023 07:58:14 GMT-0600 (Mountain Daylight Time),-10.7,89.1,-12.2,740.6
589,Sun Jul 09 2023 08:58:14 GMT-0600 (Mountain Daylight Time),-11,89.4,-12.4,740.6
590,Sun Jul 09 2023 09:58:14 GMT-0600 (Mountain Daylight Time),-11.6,90.3,-12.9,740.6
591,Sun Jul 09 2023 10:58:14 GMT-0600 (Mountain Daylight Time),-11.5,89,-13,740.6
592,Sun Jul 09 2023 11:58:14 GMT-0600 (Mountain Daylight Time),-11.8,90,-13.1,740.6
593,Sun Jul 09 2023 12:58:14 GMT-0600 (Mountain Daylight Time),-11.9,90.4,-13.2,740.6
594,Sun Jul 09 2023 13:58:14 GMT-0600 (Mountain Daylight Time),-11.8,89,-13.3,740.6
595,Sun Jul 09 2023 14:58:14 GMT-0600 (Mountain Daylight Time),-11.8,90.4,-13.1,740.6
596,Sun Jul 09 2023 15:58:14 GMT-0600 (Mountain Daylight Time),-12.1,88.7,-13.6,740.6
597,Sun Jul 09 2023 16:58:14 GMT-0600 (Mountain Daylight Time),-12.1,90.2,-13.4,740.5
598,Sun Jul 09 2023 17:58:14 GMT-0600 (Mountain Daylight Time),-12.3,90.2,-13.6,740.7
599,Sun Jul 09 2023 18:58:14 GMT-0600 (Mountain Daylight Time),-12.2,91.1,-13.4,740.7
600,Sun Jul 09 2023 19:58:14 GMT-0600 (Mountain Daylight Time),-12,89.4,-13.4,740.8
601,Sun Jul 09 2023 20:58:14 GMT-0600 (Mountain Daylight Time),-12.5,91,-13.7,740.9
602,Sun Jul 09 2023 21:58:14 GMT-0600 (Mountain Daylight Time),-12.6,89.8,-13.9,740.9
603,Sun Jul 09 2023 22:58:14 GMT-0600 (Mountain Daylight Time),-12.6,89,-14,741
604,Sun Jul 09 2023 23:58:14 GMT-0600 (Mountain Daylight Time),-12.6,89.3,-14,740.9
605,Mon Jul 10 2023 00:58:14 GMT-0600 (Mountain Daylight Time),-12.7,90.6,-13.9,740.9
606,Mon Jul 10 2023 01:58:14 GMT-0600 (Mountain Daylight Time),-12.6,90.5,-13.8,740.9
607,Mon Jul 10 2023 02:58:14 GMT-0600 (Mountain Daylight Time),-12.8,88.8,-14.3,741.1
608,Mon Jul 10 2023 03:58:14 GMT-0600 (Mountain Daylight Time),-12.9,89.1,-14.3,741.1
609,Mon Jul 10 2023 04:58:14 GMT-0600 (Mountain Daylight Time),-12.9,89.3,-14.3,741
610,Mon Jul 10 2023 05:58:14 GMT-0600 (Mountain Daylight Time),-12.7,91.3,-13.8,741
611,Mon Jul 10 2023 06:58:14 GMT-0600 (Mountain Daylight Time),-12.7,90.5,-13.9,741
612,Mon Jul 10 2023 07:58:14 GMT-0600 (Mountain Daylight Time),-12.7,88.8,-14.2,741.1
613,Mon Jul 10 2023 08:58:14 GMT-0600 (Mountain Daylight Time),-12.9,89.5,-14.3,741
614,Mon Jul 10 2023 09:58:14 GMT-0600 (Mountain Daylight Time),-12.9,89.4,-14.3,741.1
615,Mon Jul 10 2023 10:58:14 GMT-0600 (Mountain Daylight Time),-12.7,89.3,-14.1,741.1
616,Mon Jul 10 2023 11:58:14 GMT-0600 (Mountain Daylight Time),-12.7,91,-13.9,741.1
617,Mon Jul 10 2023 12:58:14 GMT-0600 (Mountain Daylight Time),-12.7,89.2,-14.1,741.2
618,Mon Jul 10 2023 13:58:14 GMT-0600 (Mountain Daylight Time),-12.4,90.4,-13.7,741.2
619,Mon Jul 10 2023 14:58:14 GMT-0600 (Mountain Daylight Time),-12.4,88.8,-13.9,741.2
620,Mon Jul 10 2023 15:58:14 GMT-0600 (Mountain Daylight Time),-7.3,91.9,-8.4,741.4
621,Mon Jul 10 2023 16:58:14 GMT-0600 (Mountain Daylight Time),0.7,49.4,-8.7,741.3
622,Mon Jul 10 2023 17:58:14 GMT-0600 (Mountain Daylight Time),3.1,40.6,-9,741
623,Mon Jul 10 2023 18:58:14 GMT-0600 (Mountain Daylight Time),4.1,34,-10.4,740.6
624,Mon Jul 10 2023 19:58:14 GMT-0600 (Mountain Daylight Time),4.4,29.9,-11.7,739.9
625,Mon Jul 10 2023 20:58:14 GMT-0600 (Mountain Daylight Time),4.6,29.7,-11.6,739.3
626,Mon Jul 10 2023 21:58:14 GMT-0600 (Mountain Daylight Time),6.6,27.4,-10.9,739
627,Mon Jul 10 2023 22:58:14 GMT-0600 (Mountain Daylight Time),4.4,39.7,-8.1,739.4
628,Mon Jul 10 2023 23:58:14 GMT-0600 (Mountain Daylight Time),5.9,33.2,-9.1,739.4
629,Tue Jul 11 2023 00:58:14 GMT-0600 (Mountain Daylight Time),2.9,37.1,-10.3,739.8
630,Tue Jul 11 2023 01:58:14 GMT-0600 (Mountain Daylight Time),-1.6,48.4,-11.1,740.2
631,Tue Jul 11 2023 02:58:14 GMT-0600 (Mountain Daylight Time),-4.9,58.5,-11.8,740.5
632,Tue Jul 11 2023 03:58:14 GMT-0600 (Mountain Daylight Time),-5.6,62.9,-11.6,740.9
633,Tue Jul 11 2023 04:58:14 GMT-0600 (Mountain Daylight Time),-6.9,69,-11.6,740.9
634,Tue Jul 11 2023 05:58:14 GMT-0600 (Mountain Daylight Time),-7.9,72.8,-11.9,741.1
635,Tue Jul 11 2023 06:58:14 GMT-0600 (Mountain Daylight Time),-8.7,76.3,-12.1,741.1
636,Tue Jul 11 2023 07:58:14 GMT-0600 (Mountain Daylight Time),-9.7,79.9,-12.5,741.1
637,Tue Jul 11 2023 08:58:14 GMT-0600 (Mountain Daylight Time),-9.5,80.1,-12.3,741
638,Tue Jul 11 2023 09:58:14 GMT-0600 (Mountain Daylight Time),-9.6,80.5,-12.3,741
639,Tue Jul 11 2023 10:58:14 GMT-0600 (Mountain Daylight Time),-10,82,-12.5,740.9
640,Tue Jul 11 2023 11:58:14 GMT-0600 (Mountain Daylight Time),-10.9,84.8,-13,740.7
641,Tue Jul 11 2023 12:58:14 GMT-0600 (Mountain Daylight Time),-10.3,85.2,-12.3,740.3
642,Tue Jul 11 2023 13:58:14 GMT-0600 (Mountain Daylight Time),-10.4,83.4,-12.7,740.5
643,Tue Jul 11 2023 14:58:14 GMT-0600 (Mountain Daylight Time),-11.3,85.4,-13.3,740.5
644,Tue Jul 11 2023 15:58:14 GMT-0600 (Mountain Daylight Time),-11.4,85.3,-13.4,740.6
645,Tue Jul 11 2023 16:58:14 GMT-0600 (Mountain Daylight Time),-11.6,85.5,-13.6,740.7
646,Tue Jul 11 2023 17:58:14 GMT-0600 (Mountain Daylight Time),-11.7,85.7,-13.6,740.7
647,Tue Jul 11 2023 18:58:14 GMT-0600 (Mountain Daylight Time),-11.8,86.1,-13.7,740.8
648,Tue Jul 11 2023 19:58:14 GMT-0600 (Mountain Daylight Time),-11.8,86.2,-13.6,740.9
649,Tue Jul 11 2023 20:58:14 GMT-0600 (Mountain Daylight Time),-11.9,86.6,-13.7,740.9
650,Tue Jul 11 2023 21:58:14 GMT-0600 (Mountain Daylight Time),-11.9,86.7,-13.7,740.8
651,Tue Jul 11 2023 22:58:14 GMT-0600 (Mountain Daylight Time),-11.8,86.9,-13.5,741
652,Tue Jul 11 2023 23:58:14 GMT-0600 (Mountain Daylight Time),-11.7,87.1,-13.4,741.1
653,Wed Jul 12 2023 00:58:14 GMT-0600 (Mountain Daylight Time),-11.9,87.1,-13.6,741.1
654,Wed Jul 12 2023 01:58:14 GMT-0600 (Mountain Daylight Time),-11.9,87.1,-13.6,741.1
655,Wed Jul 12 2023 02:58:14 GMT-0600 (Mountain Daylight Time),-11.9,87.6,-13.5,741.1
656,Wed Jul 12 2023 03:58:14 GMT-0600 (Mountain Daylight Time),-11.9,87.8,-13.5,741
657,Wed Jul 12 2023 04:58:14 GMT-0600 (Mountain Daylight Time),-11.8,88,-13.4,741
658,Wed Jul 12 2023 05:58:14 GMT-0600 (Mountain Daylight Time),-11.8,88.1,-13.4,740.9
659,Wed Jul 12 2023 06:58:14 GMT-0600 (Mountain Daylight Time),-11.6,87.7,-13.2,740.9
660,Wed Jul 12 2023 07:58:14 GMT-0600 (Mountain Daylight Time),-11.3,87.2,-13,741.4
661,Wed Jul 12 2023 08:58:14 GMT-0600 (Mountain Daylight Time),-5.2,73.2,-9.3,741.4
662,Wed Jul 12 2023 09:58:14 GMT-0600 (Mountain Daylight Time),-0.1,47.5,-9.9,741.9
663,Wed Jul 12 2023 10:58:14 GMT-0600 (Mountain Daylight Time),4.6,31.5,-10.9,741.6
664,Wed Jul 12 2023 11:58:14 GMT-0600 (Mountain Daylight Time),4.7,29.5,-11.6,741.3
665,Wed Jul 12 2023 12:58:14 GMT-0600 (Mountain Daylight Time),6.7,26.5,-11.2,740.8
666,Wed Jul 12 2023 13:58:14 GMT-0600 (Mountain Daylight Time),8.6,22.4,-11.7,740
667,Wed Jul 12 2023 14:58:14 GMT-0600 (Mountain Daylight Time),9.8,20.2,-12,739.3
668,Wed Jul 12 2023 15:58:14 GMT-0600 (Mountain Daylight Time),10.8,18.3,-12.4,739.2
669,Wed Jul 12 2023 16:58:14 GMT-0600 (Mountain Daylight Time),10.5,19.6,-11.8,739.4
670,Wed Jul 12 2023 17:58:14 GMT-0600 (Mountain Daylight Time),7,25.3,-11.6,739.4
671,Wed Jul 12 2023 18:58:14 GMT-0600 (Mountain Daylight Time),3.3,35.6,-10.5,739.5
672,Wed Jul 12 2023 19:58:14 GMT-0600 (Mountain Daylight Time),-0.9,46.1,-11.1,739.4
673,Wed Jul 12 2023 20:58:14 GMT-0600 (Mountain Daylight Time),1.8,36.1,-11.7,739.3
674,Wed Jul 12 2023 21:58:14 GMT-0600 (Mountain Daylight Time),-2.6,50.5,-11.5,739.3
675,Wed Jul 12 2023 22:58:14 GMT-0600 (Mountain Daylight Time),-1.6,53.7,-9.8,739
676,Wed Jul 12 2023 23:58:14 GMT-0600 (Mountain Daylight Time),-1.7,55.9,-9.4,738.2
677,Thu Jul 13 2023 00:58:14 GMT-0600 (Mountain Daylight Time),-3.8,60.4,-10.4,737.5
678,Thu Jul 13 2023 01:58:14 GMT-0600 (Mountain Daylight Time),-3.8,64.5,-9.5,737.5
679,Thu Jul 13 2023 02:58:14 GMT-0600 (Mountain Daylight Time),-1.9,60,-8.6,736.8
680,Thu Jul 13 2023 03:58:14 GMT-0600 (Mountain Daylight Time),-1.3,59.7,-8.1,736.4
681,Thu Jul 13 2023 04:58:14 GMT-0600 (Mountain Daylight Time),0.3,54.3,-7.9,735.8
682,Thu Jul 13 2023 05:58:14 GMT-0600 (Mountain Daylight Time),-3.8,64.8,-9.5,736.1
683,Thu Jul 13 2023 06:58:14 GMT-0600 (Mountain Daylight Time),-4.9,71.4,-9.3,736.1
684,Thu Jul 13 2023 07:58:14 GMT-0600 (Mountain Daylight Time),-3.1,70.1,-7.8,736
685,Thu Jul 13 2023 08:58:14 GMT-0600 (Mountain Daylight Time),2.6,53,-6,735.7
686,Thu Jul 13 2023 09:58:14 GMT-0600 (Mountain Daylight Time),7.5,40.7,-5,735.3
687,Thu Jul 13 2023 10:58:14 GMT-0600 (Mountain Daylight Time),9.3,35.5,-5.2,735
688,Thu Jul 13 2023 11:58:14 GMT-0600 (Mountain Daylight Time),11.1,31.9,-5,734.6
689,Thu Jul 13 2023 12:58:14 GMT-0600 (Mountain Daylight Time),11.3,31.3,-5.1,734.1
690,Thu Jul 13 2023 13:58:14 GMT-0600 (Mountain Daylight Time),12.5,30,-4.6,733.3
691,Thu Jul 13 2023 14:58:14 GMT-0600 (Mountain Daylight Time),12.4,29,-5.1,732.6
692,Thu Jul 13 2023 15:58:14 GMT-0600 (Mountain Daylight Time),10.6,33.3,-4.9,732.2
693,Thu Jul 13 2023 16:58:14 GMT-0600 (Mountain Daylight Time),9.2,36.1,-5,731.9
694,Thu Jul 13 2023 17:58:14 GMT-0600 (Mountain Daylight Time),7.6,43.7,-4,731.9
695,Thu Jul 13 2023 18:58:14 GMT-0600 (Mountain Daylight Time),6.5,46.6,-4.1,732
696,Thu Jul 13 2023 19:58:14 GMT-0600 (Mountain Daylight Time),4.2,54.4,-4.2,732.3
697,Thu Jul 13 2023 20:58:14 GMT-0600 (Mountain Daylight Time),2.8,58.7,-4.5,732.3
698,Thu Jul 13 2023 21:58:14 GMT-0600 (Mountain Daylight Time),0.9,65.1,-4.9,732.7
699,Thu Jul 13 2023 22:58:14 GMT-0600 (Mountain Daylight Time),1.5,71.2,-3.1,732.7
700,Thu Jul 13 2023 23:58:14 GMT-0600 (Mountain Daylight Time),0.6,81.5,-2.2,732.5
701,Fri Jul 14 2023 00:58:14 GMT-0600 (Mountain Daylight Time),-1.1,84.9,-3.3,732.7
702,Fri Jul 14 2023 01:58:14 GMT-0600 (Mountain Daylight Time),-2.8,82.7,-5.3,733.1
703,Fri Jul 14 2023 02:58:14 GMT-0600 (Mountain Daylight Time),-3.8,83.6,-6.2,733.4
704,Fri Jul 14 2023 03:58:14 GMT-0600 (Mountain Daylight Time),-4.2,87.5,-6,733.2
705,Fri Jul 14 2023 04:58:14 GMT-0600 (Mountain Daylight Time),-6.9,86.8,-8.7,733.6
706,Fri Jul 14 2023 05:58:14 GMT-0600 (Mountain Daylight Time),-7.1,85.6,-9.1,734
707,Fri Jul 14 2023 06:58:14 GMT-0600 (Mountain Daylight Time),-8.4,87.3,-10.1,734.5
708,Fri Jul 14 2023 07:58:14 GMT-0600 (Mountain Daylight Time),-8.6,86,-10.5,734.6
709,Fri Jul 14 2023 08:58:14 GMT-0600 (Mountain Daylight Time),-8.8,86,-10.7,735
710,Fri Jul 14 2023 09:58:14 GMT-0600 (Mountain Daylight Time),-8.9,85.1,-11,735.2
711,Fri Jul 14 2023 10:58:14 GMT-0600 (Mountain Daylight Time),-8.9,85,-11,735.2
712,Fri Jul 14 2023 11:58:14 GMT-0600 (Mountain Daylight Time),-9.4,82.6,-11.8,735.6
713,Fri Jul 14 2023 12:58:14 GMT-0600 (Mountain Daylight Time),-9.5,83.8,-11.7,735.6
714,Fri Jul 14 2023 13:58:14 GMT-0600 (Mountain Daylight Time),-9.9,83.7,-12.1,735.7
715,Fri Jul 14 2023 14:58:14 GMT-0600 (Mountain Daylight Time),-10,81.4,-12.6,736
716,Fri Jul 14 2023 15:58:14 GMT-0600 (Mountain Daylight Time),-10,81.6,-12.6,736.1
717,Fri Jul 14 2023 16:58:14 GMT-0600 (Mountain Daylight Time),-9.9,81.8,-12.4,736.1
718,Fri Jul 14 2023 17:58:14 GMT-0600 (Mountain Daylight Time),-9.9,81.9,-12.4,736.3
719,Fri Jul 14 2023 18:58:14 GMT-0600 (Mountain Daylight Time),-9.9,82.3,-12.4,736.3
720,Fri Jul 14 2023 19:58:14 GMT-0600 (Mountain Daylight Time),-9.8,83.6,-12.1,736.3
721,Fri Jul 14 2023 20:58:14 GMT-0600 (Mountain Daylight Time),-9.7,82.7,-12.1,736.4
722,Fri Jul 14 2023 21:58:14 GMT-0600 (Mountain Daylight Time),-8.9,81.1,-11.6,736.9
723,Fri Jul 14 2023 22:58:14 GMT-0600 (Mountain Daylight Time),-8.8,79.5,-11.7,737.2
724,Fri Jul 14 2023 23:58:14 GMT-0600 (Mountain Daylight Time),-8.7,79.4,-11.6,737
725,Sat Jul 15 2023 00:58:14 GMT-0600 (Mountain Daylight Time),-8.2,73.9,-12,737.7
726,Sat Jul 15 2023 01:58:14 GMT-0600 (Mountain Daylight Time),-8.3,75.9,-11.8,737.7
727,Sat Jul 15 2023 02:58:14 GMT-0600 (Mountain Daylight Time),-8,71.8,-12.2,737.9
728,Sat Jul 15 2023 03:58:14 GMT-0600 (Mountain Daylight Time),-8.3,72.7,-12.3,738.1
729,Sat Jul 15 2023 04:58:14 GMT-0600 (Mountain Daylight Time),-7.8,71.6,-12.1,738.2
730,Sat Jul 15 2023 05:58:14 GMT-0600 (Mountain Daylight Time),-8,71.9,-12.2,738.2
731,Sat Jul 15 2023 06:58:14 GMT-0600 (Mountain Daylight Time),-8.3,71.1,-12.6,738.3
732,Sat Jul 15 2023 07:58:14 GMT-0600 (Mountain Daylight Time),-7.7,71.5,-12,738.9
733,Sat Jul 15 2023 08:58:14 GMT-0600 (Mountain Daylight Time),-7.9,71.9,-12.1,739.1
734,Sat Jul 15 2023 09:58:14 GMT-0600 (Mountain Daylight Time),-7.8,71.8,-12,739.2
735,Sat Jul 15 2023 10:58:14 GMT-0600 (Mountain Daylight Time),-8.6,73,-12.6,739.6
736,Sat Jul 15 2023 11:58:14 GMT-0600 (Mountain Daylight Time),-9,77.8,-12.2,740.2
737,Sat Jul 15 2023 12:58:14 GMT-0600 (Mountain Daylight Time),-9.4,77.9,-12.6,740.6
738,Sat Jul 15 2023 13:58:14 GMT-0600 (Mountain Daylight Time),-9.5,78.4,-12.6,740.7
739,Sat Jul 15 2023 14:58:14 GMT-0600 (Mountain Daylight Time),-9.8,78.8,-12.8,741.4
740,Sat Jul 15 2023 15:58:14 GMT-0600 (Mountain Daylight Time),-9.8,78,-12.9,741.4
741,Sat Jul 15 2023 16:58:14 GMT-0600 (Mountain Daylight Time),-9.8,77.9,-12.9,741.4
742,Sat Jul 15 2023 17:58:14 GMT-0600 (Mountain Daylight Time),-10.2,79.6,-13.1,741.6
743,Sat Jul 15 2023 18:58:14 GMT-0600 (Mountain Daylight Time),-10.3,79.2,-13.2,741.6
744,Sat Jul 15 2023 19:58:14 GMT-0600 (Mountain Daylight Time),-10.4,79.3,-13.3,741.5
745,Sat Jul 15 2023 20:58:14 GMT-0600 (Mountain Daylight Time),-10.6,79.3,-13.5,741.7
746,Sat Jul 15 2023 21:58:14 GMT-0600 (Mountain Daylight Time),-10.6,79.4,-13.5,741.8
747,Sat Jul 15 2023 22:58:14 GMT-0600 (Mountain Daylight Time),-10.7,79.4,-13.6,741.8
748,Sat Jul 15 2023 23:58:14 GMT-0600 (Mountain Daylight Time),-10.7,79,-13.6,741.8
749,Sun Jul 16 2023 00:58:14 GMT-0600 (Mountain Daylight Time),-10.7,79.3,-13.6,741.8
750,Sun Jul 16 2023 01:58:14 GMT-0600 (Mountain Daylight Time),-10.7,79.6,-13.6,741.9
751,Sun Jul 16 2023 02:58:14 GMT-0600 (Mountain Daylight Time),-10.6,79.2,-13.5,742
752,Sun Jul 16 2023 03:58:14 GMT-0600 (Mountain Daylight Time),-10.6,79.1,-13.5,742.1
753,Sun Jul 16 2023 04:58:14 GMT-0600 (Mountain Daylight Time),-10.7,78.9,-13.7,742.1
754,Sun Jul 16 2023 05:58:14 GMT-0600 (Mountain Daylight Time),-10.7,78.9,-13.7,742.2
755,Sun Jul 16 2023 06:58:14 GMT-0600 (Mountain Daylight Time),-10.7,79,-13.6,742.1
756,Sun Jul 16 2023 07:58:14 GMT-0600 (Mountain Daylight Time),-10.7,79.8,-13.5,742.2
757,Sun Jul 16 2023 08:58:14 GMT-0600 (Mountain Daylight Time),-10.9,79,-13.8,742
758,Sun Jul 16 2023 09:58:14 GMT-0600 (Mountain Daylight Time),-11,79.3,-13.9,742.1
759,Sun Jul 16 2023 10:58:14 GMT-0600 (Mountain Daylight Time),-11,79.8,-13.8,742.1
760,Sun Jul 16 2023 11:58:14 GMT-0600 (Mountain Daylight Time),-11,80.4,-13.7,742.1
761,Sun Jul 16 2023 12:58:14 GMT-0600 (Mountain Daylight Time),-11,80.7,-13.7,742
762,Sun Jul 16 2023 13:58:14 GMT-0600 (Mountain Daylight Time),-11,80.8,-13.7,742.2
763,Sun Jul 16 2023 14:58:14 GMT-0600 (Mountain Daylight Time),-11,81.2,-13.6,742.1
764,Sun Jul 16 2023 15:58:14 GMT-0600 (Mountain Daylight Time),-11,80.6,-13.7,742.1
765,Sun Jul 16 2023 16:58:14 GMT-0600 (Mountain Daylight Time),-11,80.6,-13.7,742.1
766,Sun Jul 16 2023 17:58:14 GMT-0600 (Mountain Daylight Time),-11.1,80.1,-13.9,742.2
767,Sun Jul 16 2023 18:58:14 GMT-0600 (Mountain Daylight Time),-11.1,80.9,-13.7,742.2
768,Sun Jul 16 2023 19:58:14 GMT-0600 (Mountain Daylight Time),-11,79.2,-13.9,742.2
769,Sun Jul 16 2023 20:58:14 GMT-0600 (Mountain Daylight Time),-11,79.5,-13.9,742.3
770,Sun Jul 16 2023 21:58:14 GMT-0600 (Mountain Daylight Time),-10.9,79.9,-13.7,742.3
771,Sun Jul 16 2023 22:58:14 GMT-0600 (Mountain Daylight Time),-10.9,80,-13.7,742.2
772,Sun Jul 16 2023 23:58:14 GMT-0600 (Mountain Daylight Time),-10.9,79.7,-13.7,742.2
773,Mon Jul 17 2023 00:58:14 GMT-0600 (Mountain Daylight Time),-11,80,-13.8,742.1
774,Mon Jul 17 2023 01:58:14 GMT-0600 (Mountain Daylight Time),-11,79,-13.9,742.1
775,Mon Jul 17 2023 02:58:14 GMT-0600 (Mountain Daylight Time),-11.1,78.6,-14.1,742.1
776,Mon Jul 17 2023 03:58:14 GMT-0600 (Mountain Daylight Time),-11.1,78.9,-14.1,742
777,Mon Jul 17 2023 04:58:14 GMT-0600 (Mountain Daylight Time),-11.2,78,-14.3,742.1
778,Mon Jul 17 2023 05:58:14 GMT-0600 (Mountain Daylight Time),-11.2,78.3,-14.2,742
779,Mon Jul 17 2023 06:58:14 GMT-0600 (Mountain Daylight Time),-11.3,78,-14.4,742.1
780,Mon Jul 17 2023 07:58:14 GMT-0600 (Mountain Daylight Time),-11.3,78.1,-14.4,742.1
781,Mon Jul 17 2023 08:58:14 GMT-0600 (Mountain Daylight Time),-11.3,77.7,-14.4,742.1
782,Mon Jul 17 2023 09:58:14 GMT-0600 (Mountain Daylight Time),-11.3,78.5,-14.3,742.1
783,Mon Jul 17 2023 10:58:14 GMT-0600 (Mountain Daylight Time),-11.3,78.6,-14.3,742.1
784,Mon Jul 17 2023 11:58:14 GMT-0600 (Mountain Daylight Time),-11.4,78.2,-14.5,742.1
785,Mon Jul 17 2023 12:58:14 GMT-0600 (Mountain Daylight Time),-11.4,78.1,-14.5,742.1
786,Mon Jul 17 2023 13:58:14 GMT-0600 (Mountain Daylight Time),-11.5,78.2,-14.6,742.1
787,Mon Jul 17 2023 14:58:14 GMT-0600 (Mountain Daylight Time),-11.5,77.9,-14.6,742.1
788,Mon Jul 17 2023 15:58:14 GMT-0600 (Mountain Daylight Time),-11.6,77.8,-14.7,742.1
789,Mon Jul 17 2023 16:58:14 GMT-0600 (Mountain Daylight Time),-11.6,78,-14.7,742
790,Mon Jul 17 2023 17:58:14 GMT-0600 (Mountain Daylight Time),-11.6,78,-14.7,742
791,Mon Jul 17 2023 18:58:14 GMT-0600 (Mountain Daylight Time),-11.6,79,-14.5,741.9
792,Mon Jul 17 2023 19:58:14 GMT-0600 (Mountain Daylight Time),-11.7,79,-14.6,742
793,Mon Jul 17 2023 20:58:14 GMT-0600 (Mountain Daylight Time),-11.7,79,-14.6,741.9
794,Mon Jul 17 2023 21:58:14 GMT-0600 (Mountain Daylight Time),-11.8,78.6,-14.8,741.9
795,Mon Jul 17 2023 22:58:14 GMT-0600 (Mountain Daylight Time),-11.9,79.3,-14.8,741.9
796,Mon Jul 17 2023 23:58:14 GMT-0600 (Mountain Daylight Time),-12,79.3,-14.9,741.8
797,Tue Jul 18 2023 00:58:14 GMT-0600 (Mountain Daylight Time),-12.1,79.5,-14.9,741.8
798,Tue Jul 18 2023 01:58:14 GMT-0600 (Mountain Daylight Time),-12.2,79.5,-15,741.8
799,Tue Jul 18 2023 02:58:14 GMT-0600 (Mountain Daylight Time),-12.3,79.7,-15.1,741.8
800,Tue Jul 18 2023 03:58:14 GMT-0600 (Mountain Daylight Time),-12.4,79.9,-15.2,741.8
801,Tue Jul 18 2023 04:58:14 GMT-0600 (Mountain Daylight Time),-12.5,80,-15.2,741.8
802,Tue Jul 18 2023 05:58:14 GMT-0600 (Mountain Daylight Time),-12.5,80.1,-15.2,741.8
803,Tue Jul 18 2023 06:58:14 GMT-0600 (Mountain Daylight Time),-12.6,80.2,-15.3,741.7
804,Tue Jul 18 2023 07:58:14 GMT-0600 (Mountain Daylight Time),-12.7,80.5,-15.4,741.7
805,Tue Jul 18 2023 08:58:14 GMT-0600 (Mountain Daylight Time),-12.8,80.6,-15.5,741.7
806,Tue Jul 18 2023 09:58:14 GMT-0600 (Mountain Daylight Time),-12.8,80.8,-15.4,741.6
807,Tue Jul 18 2023 10:58:14 GMT-0600 (Mountain Daylight Time),-12.9,81,-15.5,741.7
808,Tue Jul 18 2023 11:58:14 GMT-0600 (Mountain Daylight Time),-13,81.3,-15.5,741.7
809,Tue Jul 18 2023 12:58:14 GMT-0600 (Mountain Daylight Time),-13,81.6,-15.5,741.7
810,Tue Jul 18 2023 13:58:14 GMT-0600 (Mountain Daylight Time),-13,82,-15.4,741.7
811,Tue Jul 18 2023 14:58:14 GMT-0600 (Mountain Daylight Time),-12.9,82,-15.3,741.8
812,Tue Jul 18 2023 15:58:14 GMT-0600 (Mountain Daylight Time),-12.8,81.8,-15.3,741.7
813,Tue Jul 18 2023 16:58:14 GMT-0600 (Mountain Daylight Time),-12.8,81.6,-15.3,741.7
814,Tue Jul 18 2023 17:58:14 GMT-0600 (Mountain Daylight Time),-12.7,81.7,-15.2,741.6
815,Tue Jul 18 2023 18:58:14 GMT-0600 (Mountain Daylight Time),-12.7,81.8,-15.2,741.6
816,Tue Jul 18 2023 19:58:14 GMT-0600 (Mountain Daylight Time),-12.6,81.6,-15.1,741.6
817,Tue Jul 18 2023 20:58:14 GMT-0600 (Mountain Daylight Time),-12.6,81.5,-15.1,741.7
818,Tue Jul 18 2023 21:58:14 GMT-0600 (Mountain Daylight Time),-12.6,81.5,-15.1,741.6
819,Tue Jul 18 2023 22:58:14 GMT-0600 (Mountain Daylight Time),-12.6,81.7,-15.1,741.6
820,Tue Jul 18 2023 23:58:14 GMT-0600 (Mountain Daylight Time),-12.5,81.7,-15,741.6
821,Wed Jul 19 2023 00:58:14 GMT-0600 (Mountain Daylight Time),-12.5,81.7,-15,741.6
822,Wed Jul 19 2023 01:58:14 GMT-0600 (Mountain Daylight Time),-12.5,81.8,-15,741.6
823,Wed Jul 19 2023 02:58:14 GMT-0600 (Mountain Daylight Time),-12.4,81.8,-14.9,741.5
824,Wed Jul 19 2023 03:58:14 GMT-0600 (Mountain Daylight Time),-12.4,81.3,-15,741.5
825,Wed Jul 19 2023 04:58:14 GMT-0600 (Mountain Daylight Time),-12.4,81.7,-14.9,741.4
826,Wed Jul 19 2023 05:58:14 GMT-0600 (Mountain Daylight Time),-12.4,81.4,-14.9,741.4
827,Wed Jul 19 2023 06:58:14 GMT-0600 (Mountain Daylight Time),-12.3,81.5,-14.8,741.4
828,Wed Jul 19 2023 07:58:14 GMT-0600 (Mountain Daylight Time),-12.3,81.3,-14.9,741.3
829,Wed Jul 19 2023 08:58:14 GMT-0600 (Mountain Daylight Time),-12.3,81,-14.9,741.3
830,Wed Jul 19 2023 09:58:14 GMT-0600 (Mountain Daylight Time),-12.3,81.7,-14.8,741.3
831,Wed Jul 19 2023 10:58:14 GMT-0600 (Mountain Daylight Time),-12.3,81.4,-14.8,741.3
832,Wed Jul 19 2023 11:58:14 GMT-0600 (Mountain Daylight Time),-12.3,81.3,-14.9,741.3
833,Wed Jul 19 2023 12:58:14 GMT-0600 (Mountain Daylight Time),-12.3,81.3,-14.9,741.3
834,Wed Jul 19 2023 13:58:14 GMT-0600 (Mountain Daylight Time),-12.3,81.3,-14.9,741.3
835,Wed Jul 19 2023 14:58:14 GMT-0600 (Mountain Daylight Time),-12.3,81.1,-14.9,741.3
836,Wed Jul 19 2023 15:58:14 GMT-0600 (Mountain Daylight Time),-12.4,81.4,-14.9,741.2
837,Wed Jul 19 2023 16:58:14 GMT-0600 (Mountain Daylight Time),-12.4,81.2,-15,741.2
838,Wed Jul 19 2023 17:58:14 GMT-0600 (Mountain Daylight Time),-12.5,81.2,-15.1,741.1
839,Wed Jul 19 2023 18:58:14 GMT-0600 (Mountain Daylight Time),-12.6,81.1,-15.2,741
840,Wed Jul 19 2023 19:58:14 GMT-0600 (Mountain Daylight Time),-12.6,81.1,-15.2,741.2
841,Wed Jul 19 2023 20:58:14 GMT-0600 (Mountain Daylight Time),-12.7,81.4,-15.2,741.1
842,Wed Jul 19 2023 21:58:14 GMT-0600 (Mountain Daylight Time),-12.9,81.6,-15.4,741.1
843,Wed Jul 19 2023 22:58:14 GMT-0600 (Mountain Daylight Time),-13,82,-15.4,741
844,Wed Jul 19 2023 23:58:14 GMT-0600 (Mountain Daylight Time),-13.1,82.4,-15.5,741.1
845,Thu Jul 20 2023 00:58:14 GMT-0600 (Mountain Daylight Time),-13.1,82.6,-15.4,740.9
846,Thu Jul 20 2023 01:58:14 GMT-0600 (Mountain Daylight Time),-13.2,82.9,-15.5,740.9
847,Thu Jul 20 2023 02:58:14 GMT-0600 (Mountain Daylight Time),-13.2,82.9,-15.5,740.9
848,Thu Jul 20 2023 03:58:14 GMT-0600 (Mountain Daylight Time),-13.2,83.1,-15.5,740.9
849,Thu Jul 20 2023 04:58:14 GMT-0600 (Mountain Daylight Time),-13.2,83.4,-15.4,740.8
850,Thu Jul 20 2023 05:58:14 GMT-0600 (Mountain Daylight Time),-13.2,83.4,-15.4,740.9
851,Thu Jul 20 2023 06:58:14 GMT-0600 (Mountain Daylight Time),-13.2,83.4,-15.4,740.9
852,Thu Jul 20 2023 07:58:14 GMT-0600 (Mountain Daylight Time),-13.2,83.5,-15.4,740.8
853,Thu Jul 20 2023 08:58:14 GMT-0600 (Mountain Daylight Time),-13.1,83.6,-15.3,740.8
854,Thu Jul 20 2023 09:58:14 GMT-0600 (Mountain Daylight Time),-13.1,83.3,-15.3,740.7
855,Thu Jul 20 2023 10:58:14 GMT-0600 (Mountain Daylight Time),-13.1,83.5,-15.3,740.8
856,Thu Jul 20 2023 11:58:14 GMT-0600 (Mountain Daylight Time),-13,83.2,-15.3,740.8
857,Thu Jul 20 2023 12:58:14 GMT-0600 (Mountain Daylight Time),-13,83.1,-15.3,740.7
858,Thu Jul 20 2023 13:58:14 GMT-0600 (Mountain Daylight Time),-13,83.3,-15.2,740.7
859,Thu Jul 20 2023 14:58:14 GMT-0600 (Mountain Daylight Time),-13,83.3,-15.2,740.7
860,Thu Jul 20 2023 15:58:14 GMT-0600 (Mountain Daylight Time),-12.9,83.4,-15.1,740.7
861,Thu Jul 20 2023 16:58:14 GMT-0600 (Mountain Daylight Time),-12.9,83.1,-15.2,740.7
862,Thu Jul 20 2023 17:58:14 GMT-0600 (Mountain Daylight Time),-12.9,83.2,-15.2,740.7
863,Thu Jul 20 2023 18:58:14 GMT-0600 (Mountain Daylight Time),-12.9,83.1,-15.2,740.6
864,Thu Jul 20 2023 19:58:14 GMT-0600 (Mountain Daylight Time),-12.9,83.2,-15.2,740.7
865,Thu Jul 20 2023 20:58:14 GMT-0600 (Mountain Daylight Time),-12.9,83.1,-15.2,740.7
866,Thu Jul 20 2023 21:58:14 GMT-0600 (Mountain Daylight Time),-12.9,83.2,-15.2,740.6
867,Thu Jul 20 2023 22:58:14 GMT-0600 (Mountain Daylight Time),-12.9,83.3,-15.1,740.6
868,Thu Jul 20 2023 23:58:14 GMT-0600 (Mountain Daylight Time),-12.9,83.2,-15.2,740.6
869,Fri Jul 21 2023 00:58:14 GMT-0600 (Mountain Daylight Time),-12.9,83.2,-15.2,740.7
870,Fri Jul 21 2023 01:58:14 GMT-0600 (Mountain Daylight Time),-12.8,83.1,-15.1,740.6
871,Fri Jul 21 2023 02:58:14 GMT-0600 (Mountain Daylight Time),-12.8,83,-15.1,740.7
872,Fri Jul 21 2023 03:58:14 GMT-0600 (Mountain Daylight Time),-12.8,82.9,-15.1,740.6
873,Fri Jul 21 2023 04:58:14 GMT-0600 (Mountain Daylight Time),-12.8,83.3,-15.1,740.6
874,Fri Jul 21 2023 05:58:14 GMT-0600 (Mountain Daylight Time),-12.8,83.1,-15.1,740.7
875,Fri Jul 21 2023 06:58:14 GMT-0600 (Mountain Daylight Time),-12.9,83.3,-15.1,740.6
876,Fri Jul 21 2023 07:58:14 GMT-0600 (Mountain Daylight Time),-12.9,83.4,-15.1,740.6
877,Fri Jul 21 2023 08:58:14 GMT-0600 (Mountain Daylight Time),-12.9,83.3,-15.1,740.6
878,Fri Jul 21 2023 09:58:14 GMT-0600 (Mountain Daylight Time),-12.8,83.5,-15,740.5
879,Fri Jul 21 2023 10:58:14 GMT-0600 (Mountain Daylight Time),-12.8,83.4,-15,740.6
880,Fri Jul 21 2023 11:58:14 GMT-0600 (Mountain Daylight Time),-12.9,83.3,-15.1,740.6
881,Fri Jul 21 2023 12:58:14 GMT-0600 (Mountain Daylight Time),-12.9,83.2,-15.2,740.6
882,Fri Jul 21 2023 13:58:14 GMT-0600 (Mountain Daylight Time),-13,83.2,-15.3,740.7
883,Fri Jul 21 2023 14:58:14 GMT-0600 (Mountain Daylight Time),-13,83.1,-15.3,740.6
884,Fri Jul 21 2023 15:58:14 GMT-0600 (Mountain Daylight Time),-13.2,83.4,-15.4,740.6
885,Fri Jul 21 2023 16:58:14 GMT-0600 (Mountain Daylight Time),-13.3,83.1,-15.6,740.6
886,Fri Jul 21 2023 17:58:14 GMT-0600 (Mountain Daylight Time),-13.4,82.9,-15.7,740.6
887,Fri Jul 21 2023 18:58:14 GMT-0600 (Mountain Daylight Time),-13.6,83.3,-15.8,740.6
888,Fri Jul 21 2023 19:58:14 GMT-0600 (Mountain Daylight Time),-13.8,83.4,-16,740.6
889,Fri Jul 21 2023 20:58:14 GMT-0600 (Mountain Daylight Time),-13.8,83.4,-16,740.6
890,Fri Jul 21 2023 21:58:14 GMT-0600 (Mountain Daylight Time),-13.8,83.3,-16,740.7
891,Fri Jul 21 2023 22:58:14 GMT-0600 (Mountain Daylight Time),-13.8,83.3,-16,740.7
892,Fri Jul 21 2023 23:58:14 GMT-0600 (Mountain Daylight Time),-13.7,83.2,-15.9,740.6
893,Sat Jul 22 2023 00:58:14 GMT-0600 (Mountain Daylight Time),-13.7,83.1,-16,740.6
894,Sat Jul 22 2023 01:58:14 GMT-0600 (Mountain Daylight Time),-13.7,83.1,-16,740.6
895,Sat Jul 22 2023 02:58:14 GMT-0600 (Mountain Daylight Time),-13.7,83,-16,740.5
896,Sat Jul 22 2023 03:58:14 GMT-0600 (Mountain Daylight Time),-13.7,83,-16,740.6
897,Sat Jul 22 2023 04:58:14 GMT-0600 (Mountain Daylight Time),-13.7,82.9,-16,740.6
898,Sat Jul 22 2023 05:58:14 GMT-0600 (Mountain Daylight Time),-13.7,82.9,-16,740.6
899,Sat Jul 22 2023 06:58:14 GMT-0600 (Mountain Daylight Time),-13.7,82.9,-16,740.7
900,Sat Jul 22 2023 07:58:14 GMT-0600 (Mountain Daylight Time),-13.7,82.8,-16,740.6
901,Sat Jul 22 2023 08:58:14 GMT-0600 (Mountain Daylight Time),-13.7,82.8,-16,740.7
902,Sat Jul 22 2023 09:58:14 GMT-0600 (Mountain Daylight Time),-13.7,82.8,-16,740.6
903,Sat Jul 22 2023 10:58:14 GMT-0600 (Mountain Daylight Time),-13.7,82.7,-16,740.6
904,Sat Jul 22 2023 11:58:14 GMT-0600 (Mountain Daylight Time),-13.7,82.7,-16,740.6
905,Sat Jul 22 2023 12:58:14 GMT-0600 (Mountain Daylight Time),-13.7,82.7,-16,740.6
906,Sat Jul 22 2023 13:58:14 GMT-0600 (Mountain Daylight Time),-13.7,82.7,-16,740.7
907,Sat Jul 22 2023 14:58:14 GMT-0600 (Mountain Daylight Time),-13.7,82.6,-16,740.6
908,Sat Jul 22 2023 15:58:14 GMT-0600 (Mountain Daylight Time),-13.7,82.6,-16,740.6
909,Sat Jul 22 2023 16:58:14 GMT-0600 (Mountain Daylight Time),-13.6,82.6,-15.9,740.7
910,Sat Jul 22 2023 17:58:14 GMT-0600 (Mountain Daylight Time),-13.7,82.6,-16,740.6
911,Sat Jul 22 2023 18:58:14 GMT-0600 (Mountain Daylight Time),-13.6,82.6,-15.9,740.6
912,Sat Jul 22 2023 19:58:14 GMT-0600 (Mountain Daylight Time),-13.6,82.6,-15.9,740.6
913,Sat Jul 22 2023 20:58:14 GMT-0600 (Mountain Daylight Time),-13.6,82.6,-15.9,740.7
914,Sat Jul 22 2023 21:58:14 GMT-0600 (Mountain Daylight Time),-13.6,82.6,-15.9,740.6
915,Sat Jul 22 2023 22:58:14 GMT-0600 (Mountain Daylight Time),-13.6,82.6,-15.9,740.7
916,Sat Jul 22 2023 23:58:14 GMT-0600 (Mountain Daylight Time),-13.6,82.5,-16,740.6
917,Sun Jul 23 2023 00:58:14 GMT-0600 (Mountain Daylight Time),-13.6,82.5,-16,740.6
918,Sun Jul 23 2023 01:58:14 GMT-0600 (Mountain Daylight Time),-13.6,82.5,-16,740.7
919,Sun Jul 23 2023 02:58:14 GMT-0600 (Mountain Daylight Time),-13.6,82.4,-16,740.6
920,Sun Jul 23 2023 03:58:14 GMT-0600 (Mountain Daylight Time),-13.6,82.4,-16,740.6
921,Sun Jul 23 2023 04:58:14 GMT-0600 (Mountain Daylight Time),-13.6,82.4,-16,740.6
922,Sun Jul 23 2023 05:58:14 GMT-0600 (Mountain Daylight Time),-13.6,82.3,-16,740.6
923,Sun Jul 23 2023 06:58:14 GMT-0600 (Mountain Daylight Time),-13.6,82.3,-16,740.6
924,Sun Jul 23 2023 07:58:14 GMT-0600 (Mountain Daylight Time),-13.6,82.3,-16,740.6
925,Sun Jul 23 2023 08:58:14 GMT-0600 (Mountain Daylight Time),-13.6,82.3,-16,740.5
926,Sun Jul 23 2023 09:58:14 GMT-0600 (Mountain Daylight Time),-13.6,82.3,-16,740.6
927,Sun Jul 23 2023 10:58:14 GMT-0600 (Mountain Daylight Time),-13.6,82.2,-16,740.6
928,Sun Jul 23 2023 11:58:14 GMT-0600 (Mountain Daylight Time),-13.6,82.2,-16,740.6
929,Sun Jul 23 2023 12:58:14 GMT-0600 (Mountain Daylight Time),-13.6,82.1,-16,740.6
930,Sun Jul 23 2023 13:58:14 GMT-0600 (Mountain Daylight Time),-13.6,82.1,-16,740.6
931,Sun Jul 23 2023 14:58:14 GMT-0600 (Mountain Daylight Time),-13.6,82.1,-16,740.7
932,Sun Jul 23 2023 15:58:14 GMT-0600 (Mountain Daylight Time),-13.6,82.1,-16,740.6
933,Sun Jul 23 2023 16:58:14 GMT-0600 (Mountain Daylight Time),-13.6,82,-16,740.6
934,Sun Jul 23 2023 17:58:14 GMT-0600 (Mountain Daylight Time),-13.6,82,-16,740.6
935,Sun Jul 23 2023 18:58:14 GMT-0600 (Mountain Daylight Time),-13.6,82,-16,740.7
936,Sun Jul 23 2023 19:58:14 GMT-0600 (Mountain Daylight Time),-13.6,82,-16,740.6
937,Sun Jul 23 2023 20:58:14 GMT-0600 (Mountain Daylight Time),-13.6,82,-16,740.6
938,Sun Jul 23 2023 21:58:14 GMT-0600 (Mountain Daylight Time),-13.6,82,-16,740.6
939,Sun Jul 23 2023 22:58:14 GMT-0600 (Mountain Daylight Time),-13.6,82,-16,740.6
940,Sun Jul 23 2023 23:58:14 GMT-0600 (Mountain Daylight Time),-13.7,82,-16.1,740.6
941,Mon Jul 24 2023 00:58:14 GMT-0600 (Mountain Daylight Time),-13.6,82,-16,740.6
942,Mon Jul 24 2023 01:58:14 GMT-0600 (Mountain Daylight Time),-13.7,82,-16.1,740.6
943,Mon Jul 24 2023 02:58:14 GMT-0600 (Mountain Daylight Time),-13.6,82,-16,740.7
944,Mon Jul 24 2023 03:58:14 GMT-0600 (Mountain Daylight Time),-13.6,82,-16,740.6
945,Mon Jul 24 2023 04:58:14 GMT-0600 (Mountain Daylight Time),-13.7,82,-16.1,740.6
946,Mon Jul 24 2023 05:58:14 GMT-0600 (Mountain Daylight Time),-13.7,82,-16.1,740.6
947,Mon Jul 24 2023 06:58:14 GMT-0600 (Mountain Daylight Time),-13.7,82,-16.1,740.6
948,Mon Jul 24 2023 07:58:14 GMT-0600 (Mountain Daylight Time),-13.7,82,-16.1,740.6
949,Mon Jul 24 2023 08:58:14 GMT-0600 (Mountain Daylight Time),-13.7,82.1,-16.1,740.6
950,Mon Jul 24 2023 09:58:14 GMT-0600 (Mountain Daylight Time),-13.7,82.1,-16.1,740.6
951,Mon Jul 24 2023 10:58:14 GMT-0600 (Mountain Daylight Time),-13.7,82.1,-16.1,740.7
952,Mon Jul 24 2023 11:58:14 GMT-0600 (Mountain Daylight Time),-13.7,82.1,-16.1,740.7
953,Mon Jul 24 2023 12:58:14 GMT-0600 (Mountain Daylight Time),-13.7,82.1,-16.1,740.6
954,Mon Jul 24 2023 13:58:14 GMT-0600 (Mountain Daylight Time),-13.7,82.1,-16.1,740.6
955,Mon Jul 24 2023 14:58:14 GMT-0600 (Mountain Daylight Time),-13.7,82.1,-16.1,740.7
956,Mon Jul 24 2023 15:58:14 GMT-0600 (Mountain Daylight Time),-13.7,82.1,-16.1,740.6
957,Mon Jul 24 2023 16:58:14 GMT-0600 (Mountain Daylight Time),-13.7,82.1,-16.1,740.7
958,Mon Jul 24 2023 17:58:14 GMT-0600 (Mountain Daylight Time),-13.7,82.1,-16.1,740.7
959,Mon Jul 24 2023 18:58:14 GMT-0600 (Mountain Daylight Time),-13.7,82.1,-16.1,740.7
960,Mon Jul 24 2023 19:58:14 GMT-0600 (Mountain Daylight Time),-13.7,82,-16.1,740.7
961,Mon Jul 24 2023 20:58:14 GMT-0600 (Mountain Daylight Time),-13.7,82,-16.1,740.7
962,Mon Jul 24 2023 21:58:14 GMT-0600 (Mountain Daylight Time),-13.7,82,-16.1,740.6
963,Mon Jul 24 2023 22:58:14 GMT-0600 (Mountain Daylight Time),-13.7,82,-16.1,740.6
964,Mon Jul 24 2023 23:58:14 GMT-0600 (Mountain Daylight Time),-13.7,82,-16.1,740.7
965,Tue Jul 25 2023 00:58:14 GMT-0600 (Mountain Daylight Time),-13.7,82,-16.1,740.7
966,Tue Jul 25 2023 01:58:14 GMT-0600 (Mountain Daylight Time),-13.7,82,-16.1,740.6
967,Tue Jul 25 2023 02:58:14 GMT-0600 (Mountain Daylight Time),-13.7,82,-16.1,740.6
968,Tue Jul 25 2023 03:58:14 GMT-0600 (Mountain Daylight Time),-13.7,82,-16.1,740.6
969,Tue Jul 25 2023 04:58:14 GMT-0600 (Mountain Daylight Time),-13.7,82,-16.1,740.7
970,Tue Jul 25 2023 05:58:14 GMT-0600 (Mountain Daylight Time),-13.7,82,-16.1,740.7
971,Tue Jul 25 2023 06:58:14 GMT-0600 (Mountain Daylight Time),-13.7,82,-16.1,740.7
972,Tue Jul 25 2023 07:58:14 GMT-0600 (Mountain Daylight Time),-13.7,82,-16.1,740.7
973,Tue Jul 25 2023 08:58:14 GMT-0600 (Mountain Daylight Time),-13.7,82,-16.1,740.7
974,Tue Jul 25 2023 09:58:14 GMT-0600 (Mountain Daylight Time),-13.7,82,-16.1,740.6
975,Tue Jul 25 2023 10:58:14 GMT-0600 (Mountain Daylight Time),29.4,32.6,11.4,752.7
