Name,Device_ID,Download_Date,Reference_Date,Log_Interval,Log_Count,Location_Lat,Location_Lng,Temp_Units,Temp_Calibration,Hum_Calibration,Dewpoint_Calibration
Ben 4,F7860854,Wed Jul 19 2023 14:28:29 GMT-0600 (Mountain Daylight Time),Not set,3600,1122,0,0,Celsius,0,0,0
index,date,temperature,humidity,dewpoint
0,Fri Jun 02 2023 21:28:29 GMT-0600 (Mountain Daylight Time),1.2,26.4,-16.1
1,Fri Jun 02 2023 22:28:29 GMT-0600 (Mountain Daylight Time),0.9,22.3,-18.4
2,Fri Jun 02 2023 23:28:29 GMT-0600 (Mountain Daylight Time),-2.3,27.7,-18.6
3,Sat Jun 03 2023 00:28:29 GMT-0600 (Mountain Daylight Time),-4,34.6,-17.4
4,Sat Jun 03 2023 01:28:29 GMT-0600 (Mountain Daylight Time),-5.1,38.7,-17.1
5,Sat Jun 03 2023 02:28:29 GMT-0600 (Mountain Daylight Time),-5.2,40.2,-16.7
6,Sat Jun 03 2023 03:28:29 GMT-0600 (Mountain Daylight Time),-3.7,37.9,-16
7,Sat Jun 03 2023 04:28:29 GMT-0600 (Mountain Daylight Time),-3.6,40.2,-15.2
8,Sat Jun 03 2023 05:28:29 GMT-0600 (Mountain Daylight Time),-2.8,40.8,-14.3
9,Sat Jun 03 2023 06:28:29 GMT-0600 (Mountain Daylight Time),-2.3,39.9,-14.1
10,Sat Jun 03 2023 07:28:29 GMT-0600 (Mountain Daylight Time),-3.2,42.3,-14.2
11,Sat Jun 03 2023 08:28:29 GMT-0600 (Mountain Daylight Time),-4.6,45.5,-14.6
12,Sat Jun 03 2023 09:28:29 GMT-0600 (Mountain Daylight Time),-5,49.4,-14
13,Sat Jun 03 2023 10:28:29 GMT-0600 (Mountain Daylight Time),-5.7,52.3,-14
14,Sat Jun 03 2023 11:28:29 GMT-0600 (Mountain Daylight Time),-5.2,55.8,-12.7
15,Sat Jun 03 2023 12:28:29 GMT-0600 (Mountain Daylight Time),-5.8,58.5,-12.7
16,Sat Jun 03 2023 13:28:29 GMT-0600 (Mountain Daylight Time),-6.3,60,-12.8
17,Sat Jun 03 2023 14:28:29 GMT-0600 (Mountain Daylight Time),-4.7,57.8,-11.8
18,Sat Jun 03 2023 15:28:29 GMT-0600 (Mountain Daylight Time),-2.5,52.4,-10.9
19,Sat Jun 03 2023 16:28:29 GMT-0600 (Mountain Daylight Time),-0.6,48.7,-10.1
20,Sat Jun 03 2023 17:28:29 GMT-0600 (Mountain Daylight Time),0,50.4,-9.1
21,Sat Jun 03 2023 18:28:29 GMT-0600 (Mountain Daylight Time),1,48.4,-8.7
22,Sat Jun 03 2023 19:28:29 GMT-0600 (Mountain Daylight Time),-1.6,54.6,-9.6
23,Sat Jun 03 2023 20:28:29 GMT-0600 (Mountain Daylight Time),-2.3,53.7,-10.4
24,Sat Jun 03 2023 21:28:29 GMT-0600 (Mountain Daylight Time),-3.4,59.9,-10.1
25,Sat Jun 03 2023 22:28:29 GMT-0600 (Mountain Daylight Time),-3.9,57.7,-11
26,Sat Jun 03 2023 23:28:29 GMT-0600 (Mountain Daylight Time),-5.1,64.4,-10.8
27,Sun Jun 04 2023 00:28:29 GMT-0600 (Mountain Daylight Time),-6.2,69,-11
28,Sun Jun 04 2023 01:28:29 GMT-0600 (Mountain Daylight Time),-7.4,72.6,-11.5
29,Sun Jun 04 2023 02:28:29 GMT-0600 (Mountain Daylight Time),-7.2,63.9,-12.9
30,Sun Jun 04 2023 03:28:29 GMT-0600 (Mountain Daylight Time),-6.4,60.5,-12.8
31,Sun Jun 04 2023 04:28:29 GMT-0600 (Mountain Daylight Time),-6.8,61.5,-13
32,Sun Jun 04 2023 05:28:29 GMT-0600 (Mountain Daylight Time),-8.9,74.8,-12.6
33,Sun Jun 04 2023 06:28:29 GMT-0600 (Mountain Daylight Time),-8.9,61.3,-15
34,Sun Jun 04 2023 07:28:29 GMT-0600 (Mountain Daylight Time),-8.9,56.9,-15.9
35,Sun Jun 04 2023 08:28:29 GMT-0600 (Mountain Daylight Time),-9.3,54.8,-16.8
36,Sun Jun 04 2023 09:28:29 GMT-0600 (Mountain Daylight Time),-9.5,51.8,-17.6
37,Sun Jun 04 2023 10:28:29 GMT-0600 (Mountain Daylight Time),-8.7,39.8,-20
38,Sun Jun 04 2023 11:28:29 GMT-0600 (Mountain Daylight Time),-8.2,40.7,-19.3
39,Sun Jun 04 2023 12:28:29 GMT-0600 (Mountain Daylight Time),-7.8,29.4,-22.7
40,Sun Jun 04 2023 13:28:29 GMT-0600 (Mountain Daylight Time),-7.2,27.3,-23
41,Sun Jun 04 2023 14:28:29 GMT-0600 (Mountain Daylight Time),-6.3,31.7,-20.5
42,Sun Jun 04 2023 15:28:29 GMT-0600 (Mountain Daylight Time),-4.9,43.1,-15.6
43,Sun Jun 04 2023 16:28:29 GMT-0600 (Mountain Daylight Time),-4.7,61.6,-11
44,Sun Jun 04 2023 17:28:29 GMT-0600 (Mountain Daylight Time),-4.6,67.1,-9.8
45,Sun Jun 04 2023 18:28:29 GMT-0600 (Mountain Daylight Time),-3,62.5,-9.2
46,Sun Jun 04 2023 19:28:29 GMT-0600 (Mountain Daylight Time),-2.6,63.1,-8.7
47,Sun Jun 04 2023 20:28:29 GMT-0600 (Mountain Daylight Time),-4.1,69.3,-8.9
48,Sun Jun 04 2023 21:28:29 GMT-0600 (Mountain Daylight Time),-4,74.2,-7.9
49,Sun Jun 04 2023 22:28:29 GMT-0600 (Mountain Daylight Time),-4.9,75.3,-8.6
50,Sun Jun 04 2023 23:28:29 GMT-0600 (Mountain Daylight Time),-5.5,79.3,-8.5
51,Mon Jun 05 2023 00:28:29 GMT-0600 (Mountain Daylight Time),-6.4,84.8,-8.5
52,Mon Jun 05 2023 01:28:29 GMT-0600 (Mountain Daylight Time),-7.1,92.8,-8.1
53,Mon Jun 05 2023 02:28:29 GMT-0600 (Mountain Daylight Time),-6.7,93.6,-7.6
54,Mon Jun 05 2023 03:28:29 GMT-0600 (Mountain Daylight Time),-4.4,81.5,-7.1
55,Mon Jun 05 2023 04:28:29 GMT-0600 (Mountain Daylight Time),-3.3,67.5,-8.5
56,Mon Jun 05 2023 05:28:29 GMT-0600 (Mountain Daylight Time),-2.2,65.1,-7.9
57,Mon Jun 05 2023 06:28:29 GMT-0600 (Mountain Daylight Time),-3.3,74.9,-7.1
58,Mon Jun 05 2023 07:28:29 GMT-0600 (Mountain Daylight Time),-2,58,-9.2
59,Mon Jun 05 2023 08:28:29 GMT-0600 (Mountain Daylight Time),-3.3,68.1,-8.4
60,Mon Jun 05 2023 09:28:29 GMT-0600 (Mountain Daylight Time),-5.8,86.8,-7.6
61,Mon Jun 05 2023 10:28:29 GMT-0600 (Mountain Daylight Time),-5.7,88.7,-7.3
62,Mon Jun 05 2023 11:28:29 GMT-0600 (Mountain Daylight Time),-4.1,67.7,-9.2
63,Mon Jun 05 2023 12:28:29 GMT-0600 (Mountain Daylight Time),-3.1,55.4,-10.8
64,Mon Jun 05 2023 13:28:29 GMT-0600 (Mountain Daylight Time),-2.5,49,-11.8
65,Mon Jun 05 2023 14:28:29 GMT-0600 (Mountain Daylight Time),-1.6,45.1,-12
66,Mon Jun 05 2023 15:28:29 GMT-0600 (Mountain Daylight Time),-1.5,49.4,-10.7
67,Mon Jun 05 2023 16:28:29 GMT-0600 (Mountain Daylight Time),0.2,38.3,-12.4
68,Mon Jun 05 2023 17:28:29 GMT-0600 (Mountain Daylight Time),0.2,51.8,-8.6
69,Mon Jun 05 2023 18:28:29 GMT-0600 (Mountain Daylight Time),-2,68.1,-7.1
70,Mon Jun 05 2023 19:28:29 GMT-0600 (Mountain Daylight Time),-2.7,82.7,-5.2
71,Mon Jun 05 2023 20:28:29 GMT-0600 (Mountain Daylight Time),-3.7,76.1,-7.3
72,Mon Jun 05 2023 21:28:29 GMT-0600 (Mountain Daylight Time),-5.1,67.5,-10.2
73,Mon Jun 05 2023 22:28:29 GMT-0600 (Mountain Daylight Time),-6.2,80.3,-9
74,Mon Jun 05 2023 23:28:29 GMT-0600 (Mountain Daylight Time),-6.8,80.2,-9.6
75,Tue Jun 06 2023 00:28:29 GMT-0600 (Mountain Daylight Time),-7.9,84.5,-10.1
76,Tue Jun 06 2023 01:28:29 GMT-0600 (Mountain Daylight Time),-7.5,81.9,-10.1
77,Tue Jun 06 2023 02:28:29 GMT-0600 (Mountain Daylight Time),-7.9,87.7,-9.6
78,Tue Jun 06 2023 03:28:29 GMT-0600 (Mountain Daylight Time),-8.1,85.8,-10.1
79,Tue Jun 06 2023 04:28:29 GMT-0600 (Mountain Daylight Time),-8.4,85.1,-10.5
80,Tue Jun 06 2023 05:28:29 GMT-0600 (Mountain Daylight Time),-8.1,87.3,-9.8
81,Tue Jun 06 2023 06:28:29 GMT-0600 (Mountain Daylight Time),-9.4,88.9,-10.9
82,Tue Jun 06 2023 07:28:29 GMT-0600 (Mountain Daylight Time),-9.6,91.4,-10.7
83,Tue Jun 06 2023 08:28:29 GMT-0600 (Mountain Daylight Time),-10,89.9,-11.3
84,Tue Jun 06 2023 09:28:29 GMT-0600 (Mountain Daylight Time),-10,88.6,-11.5
85,Tue Jun 06 2023 10:28:29 GMT-0600 (Mountain Daylight Time),-9.4,87.7,-11.1
86,Tue Jun 06 2023 11:28:29 GMT-0600 (Mountain Daylight Time),-9.7,87.2,-11.4
87,Tue Jun 06 2023 12:28:29 GMT-0600 (Mountain Daylight Time),-10.1,88.6,-11.6
88,Tue Jun 06 2023 13:28:29 GMT-0600 (Mountain Daylight Time),-10.4,88.9,-11.9
89,Tue Jun 06 2023 14:28:29 GMT-0600 (Mountain Daylight Time),-9.9,87.7,-11.6
90,Tue Jun 06 2023 15:28:29 GMT-0600 (Mountain Daylight Time),-5.9,66.2,-11.2
91,Tue Jun 06 2023 16:28:29 GMT-0600 (Mountain Daylight Time),-4.5,66.1,-9.9
92,Tue Jun 06 2023 17:28:29 GMT-0600 (Mountain Daylight Time),-2.6,55,-10.4
93,Tue Jun 06 2023 18:28:29 GMT-0600 (Mountain Daylight Time),-2.8,55.1,-10.6
94,Tue Jun 06 2023 19:28:29 GMT-0600 (Mountain Daylight Time),-2.3,55.8,-10
95,Tue Jun 06 2023 20:28:29 GMT-0600 (Mountain Daylight Time),-2.2,50.7,-11.1
96,Tue Jun 06 2023 21:28:29 GMT-0600 (Mountain Daylight Time),-2.1,52.7,-10.5
97,Tue Jun 06 2023 22:28:29 GMT-0600 (Mountain Daylight Time),-3,58.6,-10
98,Tue Jun 06 2023 23:28:29 GMT-0600 (Mountain Daylight Time),-3.6,64.5,-9.3
99,Wed Jun 07 2023 00:28:29 GMT-0600 (Mountain Daylight Time),-3.8,67.3,-9
100,Wed Jun 07 2023 01:28:29 GMT-0600 (Mountain Daylight Time),-5.8,78.4,-9
101,Wed Jun 07 2023 02:28:29 GMT-0600 (Mountain Daylight Time),-7,85.1,-9.1
102,Wed Jun 07 2023 03:28:29 GMT-0600 (Mountain Daylight Time),-7.5,89.1,-9
103,Wed Jun 07 2023 04:28:29 GMT-0600 (Mountain Daylight Time),-7,89.6,-8.4
104,Wed Jun 07 2023 05:28:29 GMT-0600 (Mountain Daylight Time),-7,92.2,-8.1
105,Wed Jun 07 2023 06:28:29 GMT-0600 (Mountain Daylight Time),-7.2,93.4,-8.1
106,Wed Jun 07 2023 07:28:29 GMT-0600 (Mountain Daylight Time),-7.6,96,-8.1
107,Wed Jun 07 2023 08:28:29 GMT-0600 (Mountain Daylight Time),-8.3,95.9,-8.8
108,Wed Jun 07 2023 09:28:29 GMT-0600 (Mountain Daylight Time),-8.7,93.7,-9.5
109,Wed Jun 07 2023 10:28:29 GMT-0600 (Mountain Daylight Time),-8.8,92.9,-9.7
110,Wed Jun 07 2023 11:28:29 GMT-0600 (Mountain Daylight Time),-9,92.6,-10
111,Wed Jun 07 2023 12:28:29 GMT-0600 (Mountain Daylight Time),-9,92.9,-9.9
112,Wed Jun 07 2023 13:28:29 GMT-0600 (Mountain Daylight Time),-8.9,93.1,-9.8
113,Wed Jun 07 2023 14:28:29 GMT-0600 (Mountain Daylight Time),-9,92.6,-10
114,Wed Jun 07 2023 15:28:29 GMT-0600 (Mountain Daylight Time),-8.8,92.3,-9.8
115,Wed Jun 07 2023 16:28:29 GMT-0600 (Mountain Daylight Time),-8.2,92.7,-9.2
116,Wed Jun 07 2023 17:28:29 GMT-0600 (Mountain Daylight Time),-7.6,91.6,-8.7
117,Wed Jun 07 2023 18:28:29 GMT-0600 (Mountain Daylight Time),-6.3,91.3,-7.5
118,Wed Jun 07 2023 19:28:29 GMT-0600 (Mountain Daylight Time),-6.6,90.3,-7.9
119,Wed Jun 07 2023 20:28:29 GMT-0600 (Mountain Daylight Time),-6.5,89.7,-7.9
120,Wed Jun 07 2023 21:28:29 GMT-0600 (Mountain Daylight Time),-6.7,90,-8.1
121,Wed Jun 07 2023 22:28:29 GMT-0600 (Mountain Daylight Time),-6,89.9,-7.4
122,Wed Jun 07 2023 23:28:29 GMT-0600 (Mountain Daylight Time),-5.8,90.5,-7.1
123,Thu Jun 08 2023 00:28:29 GMT-0600 (Mountain Daylight Time),-5.1,86.3,-7
124,Thu Jun 08 2023 01:28:29 GMT-0600 (Mountain Daylight Time),-6.2,91.3,-7.4
125,Thu Jun 08 2023 02:28:29 GMT-0600 (Mountain Daylight Time),-7,93.5,-7.9
126,Thu Jun 08 2023 03:28:29 GMT-0600 (Mountain Daylight Time),-7.9,92.6,-8.9
127,Thu Jun 08 2023 04:28:29 GMT-0600 (Mountain Daylight Time),-7.5,91.5,-8.6
128,Thu Jun 08 2023 05:28:29 GMT-0600 (Mountain Daylight Time),-8,92.7,-9
129,Thu Jun 08 2023 06:28:29 GMT-0600 (Mountain Daylight Time),-8.5,93.2,-9.4
130,Thu Jun 08 2023 07:28:29 GMT-0600 (Mountain Daylight Time),-8.4,93.4,-9.3
131,Thu Jun 08 2023 08:28:29 GMT-0600 (Mountain Daylight Time),-8.5,93.8,-9.3
132,Thu Jun 08 2023 09:28:29 GMT-0600 (Mountain Daylight Time),-8.9,93.2,-9.8
133,Thu Jun 08 2023 10:28:29 GMT-0600 (Mountain Daylight Time),-8.9,93.1,-9.8
134,Thu Jun 08 2023 11:28:29 GMT-0600 (Mountain Daylight Time),-9,93.2,-9.9
135,Thu Jun 08 2023 12:28:29 GMT-0600 (Mountain Daylight Time),-9,94.2,-9.8
136,Thu Jun 08 2023 13:28:29 GMT-0600 (Mountain Daylight Time),-8.7,94.4,-9.4
137,Thu Jun 08 2023 14:28:29 GMT-0600 (Mountain Daylight Time),-8.7,94.6,-9.4
138,Thu Jun 08 2023 15:28:29 GMT-0600 (Mountain Daylight Time),-8.6,93.7,-9.4
139,Thu Jun 08 2023 16:28:29 GMT-0600 (Mountain Daylight Time),-8.6,93.7,-9.4
140,Thu Jun 08 2023 17:28:29 GMT-0600 (Mountain Daylight Time),-8.1,93.8,-8.9
141,Thu Jun 08 2023 18:28:29 GMT-0600 (Mountain Daylight Time),-7.4,92.9,-8.4
142,Thu Jun 08 2023 19:28:29 GMT-0600 (Mountain Daylight Time),-7.1,89.8,-8.5
143,Thu Jun 08 2023 20:28:29 GMT-0600 (Mountain Daylight Time),-6.7,91.3,-7.9
144,Thu Jun 08 2023 21:28:29 GMT-0600 (Mountain Daylight Time),-5,85.9,-7
145,Thu Jun 08 2023 22:28:29 GMT-0600 (Mountain Daylight Time),-6.3,90.8,-7.6
146,Thu Jun 08 2023 23:28:29 GMT-0600 (Mountain Daylight Time),-6.3,91.2,-7.5
147,Fri Jun 09 2023 00:28:29 GMT-0600 (Mountain Daylight Time),-6.2,91.4,-7.4
148,Fri Jun 09 2023 01:28:29 GMT-0600 (Mountain Daylight Time),-6,91.7,-7.1
149,Fri Jun 09 2023 02:28:29 GMT-0600 (Mountain Daylight Time),-4,74.2,-7.9
150,Fri Jun 09 2023 03:28:29 GMT-0600 (Mountain Daylight Time),-6.4,89.1,-7.9
151,Fri Jun 09 2023 04:28:29 GMT-0600 (Mountain Daylight Time),-7.1,96.9,-7.5
152,Fri Jun 09 2023 05:28:29 GMT-0600 (Mountain Daylight Time),-7.1,96.9,-7.5
153,Fri Jun 09 2023 06:28:29 GMT-0600 (Mountain Daylight Time),-7.4,97.8,-7.7
154,Fri Jun 09 2023 07:28:29 GMT-0600 (Mountain Daylight Time),-7.5,98.2,-7.7
155,Fri Jun 09 2023 08:28:29 GMT-0600 (Mountain Daylight Time),-7.2,96.8,-7.6
156,Fri Jun 09 2023 09:28:29 GMT-0600 (Mountain Daylight Time),-6.9,96.6,-7.4
157,Fri Jun 09 2023 10:28:29 GMT-0600 (Mountain Daylight Time),-7,97.1,-7.4
158,Fri Jun 09 2023 11:28:29 GMT-0600 (Mountain Daylight Time),-7.4,96,-7.9
159,Fri Jun 09 2023 12:28:29 GMT-0600 (Mountain Daylight Time),-7.4,95.9,-7.9
160,Fri Jun 09 2023 13:28:29 GMT-0600 (Mountain Daylight Time),-6.5,94.6,-7.2
161,Fri Jun 09 2023 14:28:29 GMT-0600 (Mountain Daylight Time),-5.4,80.2,-8.3
162,Fri Jun 09 2023 15:28:29 GMT-0600 (Mountain Daylight Time),-5.4,68.3,-10.3
163,Fri Jun 09 2023 16:28:29 GMT-0600 (Mountain Daylight Time),-7.2,86.2,-9.1
164,Fri Jun 09 2023 17:28:29 GMT-0600 (Mountain Daylight Time),-7.4,76.5,-10.8
165,Fri Jun 09 2023 18:28:29 GMT-0600 (Mountain Daylight Time),-6.8,69.8,-11.4
166,Fri Jun 09 2023 19:28:29 GMT-0600 (Mountain Daylight Time),-5.4,56.8,-12.6
167,Fri Jun 09 2023 20:28:29 GMT-0600 (Mountain Daylight Time),-3.7,57,-11
168,Fri Jun 09 2023 21:28:29 GMT-0600 (Mountain Daylight Time),-3.8,53,-12
169,Fri Jun 09 2023 22:28:29 GMT-0600 (Mountain Daylight Time),-3.4,50.2,-12.3
170,Fri Jun 09 2023 23:28:29 GMT-0600 (Mountain Daylight Time),-2.4,43,-13.3
171,Sat Jun 10 2023 00:28:29 GMT-0600 (Mountain Daylight Time),-1.8,45.7,-12
172,Sat Jun 10 2023 01:28:29 GMT-0600 (Mountain Daylight Time),-1.1,42.7,-12.2
173,Sat Jun 10 2023 02:28:29 GMT-0600 (Mountain Daylight Time),-0.5,39.7,-12.6
174,Sat Jun 10 2023 03:28:29 GMT-0600 (Mountain Daylight Time),-0.5,37.6,-13.2
175,Sat Jun 10 2023 04:28:29 GMT-0600 (Mountain Daylight Time),-1.2,39,-13.4
176,Sat Jun 10 2023 05:28:29 GMT-0600 (Mountain Daylight Time),-2.3,41.8,-13.6
177,Sat Jun 10 2023 06:28:29 GMT-0600 (Mountain Daylight Time),-4.2,48,-13.6
178,Sat Jun 10 2023 07:28:29 GMT-0600 (Mountain Daylight Time),-3.7,51.1,-12.4
179,Sat Jun 10 2023 08:28:29 GMT-0600 (Mountain Daylight Time),-3.8,54,-11.8
180,Sat Jun 10 2023 09:28:29 GMT-0600 (Mountain Daylight Time),-5.3,56.1,-12.7
181,Sat Jun 10 2023 10:28:29 GMT-0600 (Mountain Daylight Time),-7.1,73.4,-11.1
182,Sat Jun 10 2023 11:28:29 GMT-0600 (Mountain Daylight Time),-7.6,90.4,-8.9
183,Sat Jun 10 2023 12:28:29 GMT-0600 (Mountain Daylight Time),-7.6,92.6,-8.6
184,Sat Jun 10 2023 13:28:29 GMT-0600 (Mountain Daylight Time),-8,92.9,-8.9
185,Sat Jun 10 2023 14:28:29 GMT-0600 (Mountain Daylight Time),-0.8,52.3,-9.4
186,Sat Jun 10 2023 15:28:29 GMT-0600 (Mountain Daylight Time),-1.1,61.3,-7.6
187,Sat Jun 10 2023 16:28:29 GMT-0600 (Mountain Daylight Time),-0.8,57,-8.3
188,Sat Jun 10 2023 17:28:29 GMT-0600 (Mountain Daylight Time),0.3,54.4,-7.8
189,Sat Jun 10 2023 18:28:29 GMT-0600 (Mountain Daylight Time),0.3,57.2,-7.2
190,Sat Jun 10 2023 19:28:29 GMT-0600 (Mountain Daylight Time),2,50.8,-7.1
191,Sat Jun 10 2023 20:28:29 GMT-0600 (Mountain Daylight Time),3.2,50.5,-6.1
192,Sat Jun 10 2023 21:28:29 GMT-0600 (Mountain Daylight Time),3.8,52.2,-5.1
193,Sat Jun 10 2023 22:28:29 GMT-0600 (Mountain Daylight Time),4.8,50,-4.7
194,Sat Jun 10 2023 23:28:29 GMT-0600 (Mountain Daylight Time),5.5,49.9,-4.1
195,Sun Jun 11 2023 00:28:29 GMT-0600 (Mountain Daylight Time),6,51.4,-3.3
196,Sun Jun 11 2023 01:28:29 GMT-0600 (Mountain Daylight Time),4.8,55.5,-3.3
197,Sun Jun 11 2023 02:28:29 GMT-0600 (Mountain Daylight Time),4.8,56.9,-3
198,Sun Jun 11 2023 03:28:29 GMT-0600 (Mountain Daylight Time),4.9,56.9,-2.9
199,Sun Jun 11 2023 04:28:29 GMT-0600 (Mountain Daylight Time),4.7,57.8,-2.9
200,Sun Jun 11 2023 05:28:29 GMT-0600 (Mountain Daylight Time),3.9,60.1,-3.1
201,Sun Jun 11 2023 06:28:29 GMT-0600 (Mountain Daylight Time),4.3,58.7,-3.1
202,Sun Jun 11 2023 07:28:29 GMT-0600 (Mountain Daylight Time),4,61.4,-2.7
203,Sun Jun 11 2023 08:28:29 GMT-0600 (Mountain Daylight Time),4.4,58.6,-3
204,Sun Jun 11 2023 09:28:29 GMT-0600 (Mountain Daylight Time),4.3,60.7,-2.6
205,Sun Jun 11 2023 10:28:29 GMT-0600 (Mountain Daylight Time),4.2,61.6,-2.5
206,Sun Jun 11 2023 11:28:29 GMT-0600 (Mountain Daylight Time),3.6,63.6,-2.7
207,Sun Jun 11 2023 12:28:29 GMT-0600 (Mountain Daylight Time),2.4,71.5,-2.2
208,Sun Jun 11 2023 13:28:29 GMT-0600 (Mountain Daylight Time),-1.2,87.7,-3
209,Sun Jun 11 2023 14:28:29 GMT-0600 (Mountain Daylight Time),-2.1,80.1,-5.1
210,Sun Jun 11 2023 15:28:29 GMT-0600 (Mountain Daylight Time),-3.1,79,-6.2
211,Sun Jun 11 2023 16:28:29 GMT-0600 (Mountain Daylight Time),-2.5,70.2,-7.2
212,Sun Jun 11 2023 17:28:29 GMT-0600 (Mountain Daylight Time),-2.8,68.6,-7.8
213,Sun Jun 11 2023 18:28:29 GMT-0600 (Mountain Daylight Time),-2.3,62.8,-8.4
214,Sun Jun 11 2023 19:28:29 GMT-0600 (Mountain Daylight Time),-2.4,58.2,-9.5
215,Sun Jun 11 2023 20:28:29 GMT-0600 (Mountain Daylight Time),-2.2,49.2,-11.4
216,Sun Jun 11 2023 21:28:29 GMT-0600 (Mountain Daylight Time),-1.5,45.6,-11.8
217,Sun Jun 11 2023 22:28:29 GMT-0600 (Mountain Daylight Time),-0.6,33.6,-14.7
218,Sun Jun 11 2023 23:28:29 GMT-0600 (Mountain Daylight Time),0.6,31.7,-14.4
219,Mon Jun 12 2023 00:28:29 GMT-0600 (Mountain Daylight Time),0.5,26.1,-16.8
220,Mon Jun 12 2023 01:28:29 GMT-0600 (Mountain Daylight Time),1,22.6,-18.1
221,Mon Jun 12 2023 02:28:29 GMT-0600 (Mountain Daylight Time),1.7,24.1,-16.7
222,Mon Jun 12 2023 03:28:29 GMT-0600 (Mountain Daylight Time),1.3,23,-17.6
223,Mon Jun 12 2023 04:28:29 GMT-0600 (Mountain Daylight Time),-0.4,24.7,-18.3
224,Mon Jun 12 2023 05:28:29 GMT-0600 (Mountain Daylight Time),-1,33.7,-15
225,Mon Jun 12 2023 06:28:29 GMT-0600 (Mountain Daylight Time),-1.8,42.4,-12.9
226,Mon Jun 12 2023 07:28:29 GMT-0600 (Mountain Daylight Time),-3,51.6,-11.6
227,Mon Jun 12 2023 08:28:29 GMT-0600 (Mountain Daylight Time),-2.8,51.5,-11.4
228,Mon Jun 12 2023 09:28:29 GMT-0600 (Mountain Daylight Time),-3.3,53.6,-11.4
229,Mon Jun 12 2023 10:28:29 GMT-0600 (Mountain Daylight Time),-3.9,52.2,-12.3
230,Mon Jun 12 2023 11:28:29 GMT-0600 (Mountain Daylight Time),-3.9,55.5,-11.5
231,Mon Jun 12 2023 12:28:29 GMT-0600 (Mountain Daylight Time),-6.3,63.8,-12.1
232,Mon Jun 12 2023 13:28:29 GMT-0600 (Mountain Daylight Time),-7.5,68.4,-12.3
233,Mon Jun 12 2023 14:28:29 GMT-0600 (Mountain Daylight Time),-7.5,68.4,-12.3
234,Mon Jun 12 2023 15:28:29 GMT-0600 (Mountain Daylight Time),-8.1,71.5,-12.4
235,Mon Jun 12 2023 16:28:29 GMT-0600 (Mountain Daylight Time),-8.4,72,-12.6
236,Mon Jun 12 2023 17:28:29 GMT-0600 (Mountain Daylight Time),-8.5,72.8,-12.5
237,Mon Jun 12 2023 18:28:29 GMT-0600 (Mountain Daylight Time),-8.8,74.8,-12.5
238,Mon Jun 12 2023 19:28:29 GMT-0600 (Mountain Daylight Time),-8.9,75.4,-12.5
239,Mon Jun 12 2023 20:28:29 GMT-0600 (Mountain Daylight Time),-9,75.9,-12.5
240,Mon Jun 12 2023 21:28:29 GMT-0600 (Mountain Daylight Time),-9.2,76.4,-12.6
241,Mon Jun 12 2023 22:28:29 GMT-0600 (Mountain Daylight Time),-9.3,77.3,-12.5
242,Mon Jun 12 2023 23:28:29 GMT-0600 (Mountain Daylight Time),-9.3,77.5,-12.5
243,Tue Jun 13 2023 00:28:29 GMT-0600 (Mountain Daylight Time),-9.4,77.4,-12.6
244,Tue Jun 13 2023 01:28:29 GMT-0600 (Mountain Daylight Time),-9.6,78.2,-12.7
245,Tue Jun 13 2023 02:28:29 GMT-0600 (Mountain Daylight Time),-9.7,78.8,-12.7
246,Tue Jun 13 2023 03:28:29 GMT-0600 (Mountain Daylight Time),-9.6,79,-12.6
247,Tue Jun 13 2023 04:28:29 GMT-0600 (Mountain Daylight Time),-9.6,78.8,-12.6
248,Tue Jun 13 2023 05:28:29 GMT-0600 (Mountain Daylight Time),-9.6,78.8,-12.6
249,Tue Jun 13 2023 06:28:29 GMT-0600 (Mountain Daylight Time),-9.4,78.9,-12.4
250,Tue Jun 13 2023 07:28:29 GMT-0600 (Mountain Daylight Time),-9.4,78.5,-12.5
251,Tue Jun 13 2023 08:28:29 GMT-0600 (Mountain Daylight Time),-9.5,79.1,-12.5
252,Tue Jun 13 2023 09:28:29 GMT-0600 (Mountain Daylight Time),-9.5,79.1,-12.5
253,Tue Jun 13 2023 10:28:29 GMT-0600 (Mountain Daylight Time),-9.6,79.7,-12.5
254,Tue Jun 13 2023 11:28:29 GMT-0600 (Mountain Daylight Time),-9.6,79.6,-12.5
255,Tue Jun 13 2023 12:28:29 GMT-0600 (Mountain Daylight Time),-9.8,80,-12.6
256,Tue Jun 13 2023 13:28:29 GMT-0600 (Mountain Daylight Time),-9.8,80.7,-12.5
257,Tue Jun 13 2023 14:28:29 GMT-0600 (Mountain Daylight Time),-9.7,80.9,-12.4
258,Tue Jun 13 2023 15:28:29 GMT-0600 (Mountain Daylight Time),-8.3,76.2,-11.8
259,Tue Jun 13 2023 16:28:29 GMT-0600 (Mountain Daylight Time),-7.3,71.2,-11.6
260,Tue Jun 13 2023 17:28:29 GMT-0600 (Mountain Daylight Time),-5.4,64.8,-11
261,Tue Jun 13 2023 18:28:29 GMT-0600 (Mountain Daylight Time),-4.6,66.4,-9.9
262,Tue Jun 13 2023 19:28:29 GMT-0600 (Mountain Daylight Time),-4,66.1,-9.4
263,Tue Jun 13 2023 20:28:29 GMT-0600 (Mountain Daylight Time),-4.1,70.5,-8.7
264,Tue Jun 13 2023 21:28:29 GMT-0600 (Mountain Daylight Time),-3.4,68.5,-8.4
265,Tue Jun 13 2023 22:28:29 GMT-0600 (Mountain Daylight Time),-3.9,76.7,-7.4
266,Tue Jun 13 2023 23:28:29 GMT-0600 (Mountain Daylight Time),-4.2,83.1,-6.6
267,Wed Jun 14 2023 00:28:29 GMT-0600 (Mountain Daylight Time),-4.4,88,-6.1
268,Wed Jun 14 2023 01:28:29 GMT-0600 (Mountain Daylight Time),-5,90.8,-6.3
269,Wed Jun 14 2023 02:28:29 GMT-0600 (Mountain Daylight Time),-5,90.9,-6.3
270,Wed Jun 14 2023 03:28:29 GMT-0600 (Mountain Daylight Time),-5.4,92.9,-6.4
271,Wed Jun 14 2023 04:28:29 GMT-0600 (Mountain Daylight Time),-5.8,92.7,-6.8
272,Wed Jun 14 2023 05:28:29 GMT-0600 (Mountain Daylight Time),-5.8,91.1,-7
273,Wed Jun 14 2023 06:28:29 GMT-0600 (Mountain Daylight Time),-5.8,91.7,-6.9
274,Wed Jun 14 2023 07:28:29 GMT-0600 (Mountain Daylight Time),-6.2,93.7,-7.1
275,Wed Jun 14 2023 08:28:29 GMT-0600 (Mountain Daylight Time),-38.6,0,0
276,Wed Jun 14 2023 09:28:29 GMT-0600 (Mountain Daylight Time),-38.6,0,0
277,Wed Jun 14 2023 10:28:29 GMT-0600 (Mountain Daylight Time),-38.6,0,0
278,Wed Jun 14 2023 11:28:29 GMT-0600 (Mountain Daylight Time),-38.6,0,0
279,Wed Jun 14 2023 12:28:29 GMT-0600 (Mountain Daylight Time),-38.6,0,0
280,Wed Jun 14 2023 13:28:29 GMT-0600 (Mountain Daylight Time),-38.6,0,0
281,Wed Jun 14 2023 14:28:29 GMT-0600 (Mountain Daylight Time),-38.6,0,0
282,Wed Jun 14 2023 15:28:29 GMT-0600 (Mountain Daylight Time),-38.6,0,0
283,Wed Jun 14 2023 16:28:29 GMT-0600 (Mountain Daylight Time),-38.6,0,0
284,Wed Jun 14 2023 17:28:29 GMT-0600 (Mountain Daylight Time),-38.6,0,0
285,Wed Jun 14 2023 18:28:29 GMT-0600 (Mountain Daylight Time),-38.6,0,0
286,Wed Jun 14 2023 19:28:29 GMT-0600 (Mountain Daylight Time),-38.6,0,0
287,Wed Jun 14 2023 20:28:29 GMT-0600 (Mountain Daylight Time),-38.6,0,0
288,Wed Jun 14 2023 21:28:29 GMT-0600 (Mountain Daylight Time),-38.6,0,0
289,Wed Jun 14 2023 22:28:29 GMT-0600 (Mountain Daylight Time),-38.6,0,0
290,Wed Jun 14 2023 23:28:29 GMT-0600 (Mountain Daylight Time),-38.6,0,0
291,Thu Jun 15 2023 00:28:29 GMT-0600 (Mountain Daylight Time),-38.6,0,0
292,Thu Jun 15 2023 01:28:29 GMT-0600 (Mountain Daylight Time),-38.6,0,0
293,Thu Jun 15 2023 02:28:29 GMT-0600 (Mountain Daylight Time),-38.6,0,0
294,Thu Jun 15 2023 03:28:29 GMT-0600 (Mountain Daylight Time),-38.6,0,0
295,Thu Jun 15 2023 04:28:29 GMT-0600 (Mountain Daylight Time),-38.6,0,0
296,Thu Jun 15 2023 05:28:29 GMT-0600 (Mountain Daylight Time),-38.6,0,0
297,Thu Jun 15 2023 06:28:29 GMT-0600 (Mountain Daylight Time),-38.6,0,0
298,Thu Jun 15 2023 07:28:29 GMT-0600 (Mountain Daylight Time),-38.6,0,0
299,Thu Jun 15 2023 08:28:29 GMT-0600 (Mountain Daylight Time),-38.6,0,0
300,Thu Jun 15 2023 09:28:29 GMT-0600 (Mountain Daylight Time),-38.6,0,0
301,Thu Jun 15 2023 10:28:29 GMT-0600 (Mountain Daylight Time),-38.6,0,0
302,Thu Jun 15 2023 11:28:29 GMT-0600 (Mountain Daylight Time),-38.6,0,0
303,Thu Jun 15 2023 12:28:29 GMT-0600 (Mountain Daylight Time),-38.6,0,0
304,Thu Jun 15 2023 13:28:29 GMT-0600 (Mountain Daylight Time),-38.6,0,0
305,Thu Jun 15 2023 14:28:29 GMT-0600 (Mountain Daylight Time),-38.6,0,0
306,Thu Jun 15 2023 15:28:29 GMT-0600 (Mountain Daylight Time),-38.6,0,0
307,Thu Jun 15 2023 16:28:29 GMT-0600 (Mountain Daylight Time),-38.6,0,0
308,Thu Jun 15 2023 17:28:29 GMT-0600 (Mountain Daylight Time),-38.6,0,0
309,Thu Jun 15 2023 18:28:29 GMT-0600 (Mountain Daylight Time),-38.6,0,0
310,Thu Jun 15 2023 19:28:29 GMT-0600 (Mountain Daylight Time),-38.6,0,0
311,Thu Jun 15 2023 20:28:29 GMT-0600 (Mountain Daylight Time),-38.6,0,0
312,Thu Jun 15 2023 21:28:29 GMT-0600 (Mountain Daylight Time),-38.6,0,0
313,Thu Jun 15 2023 22:28:29 GMT-0600 (Mountain Daylight Time),-38.6,0,0
314,Thu Jun 15 2023 23:28:29 GMT-0600 (Mountain Daylight Time),-38.6,0,0
315,Fri Jun 16 2023 00:28:29 GMT-0600 (Mountain Daylight Time),-38.6,0,0
316,Fri Jun 16 2023 01:28:29 GMT-0600 (Mountain Daylight Time),-38.6,0,0
317,Fri Jun 16 2023 02:28:29 GMT-0600 (Mountain Daylight Time),-38.6,0,0
318,Fri Jun 16 2023 03:28:29 GMT-0600 (Mountain Daylight Time),-38.6,0,0
319,Fri Jun 16 2023 04:28:29 GMT-0600 (Mountain Daylight Time),-38.6,0,0
320,Fri Jun 16 2023 05:28:29 GMT-0600 (Mountain Daylight Time),-38.6,0,0
321,Fri Jun 16 2023 06:28:29 GMT-0600 (Mountain Daylight Time),-38.6,0,0
322,Fri Jun 16 2023 07:28:29 GMT-0600 (Mountain Daylight Time),-38.6,0,0
323,Fri Jun 16 2023 08:28:29 GMT-0600 (Mountain Daylight Time),-38.6,0,0
324,Fri Jun 16 2023 09:28:29 GMT-0600 (Mountain Daylight Time),-38.6,0,0
325,Fri Jun 16 2023 10:28:29 GMT-0600 (Mountain Daylight Time),-38.6,0,0
326,Fri Jun 16 2023 11:28:29 GMT-0600 (Mountain Daylight Time),-38.6,0,0
327,Fri Jun 16 2023 12:28:29 GMT-0600 (Mountain Daylight Time),-38.6,0,0
328,Fri Jun 16 2023 13:28:29 GMT-0600 (Mountain Daylight Time),-38.6,0,0
329,Fri Jun 16 2023 14:28:29 GMT-0600 (Mountain Daylight Time),-38.6,0,0
330,Fri Jun 16 2023 15:28:29 GMT-0600 (Mountain Daylight Time),-38.6,0,0
331,Fri Jun 16 2023 16:28:29 GMT-0600 (Mountain Daylight Time),-38.6,0,0
332,Fri Jun 16 2023 17:28:29 GMT-0600 (Mountain Daylight Time),-38.6,0,0
333,Fri Jun 16 2023 18:28:29 GMT-0600 (Mountain Daylight Time),-38.6,0,0
334,Fri Jun 16 2023 19:28:29 GMT-0600 (Mountain Daylight Time),-38.6,0,0
335,Fri Jun 16 2023 20:28:29 GMT-0600 (Mountain Daylight Time),-38.6,0,0
336,Fri Jun 16 2023 21:28:29 GMT-0600 (Mountain Daylight Time),-38.6,0,0
337,Fri Jun 16 2023 22:28:29 GMT-0600 (Mountain Daylight Time),-38.6,0,0
338,Fri Jun 16 2023 23:28:29 GMT-0600 (Mountain Daylight Time),-38.6,0,0
339,Sat Jun 17 2023 00:28:29 GMT-0600 (Mountain Daylight Time),-38.6,0,0
340,Sat Jun 17 2023 01:28:29 GMT-0600 (Mountain Daylight Time),-38.6,0,0
341,Sat Jun 17 2023 02:28:29 GMT-0600 (Mountain Daylight Time),-38.6,0,0
342,Sat Jun 17 2023 03:28:29 GMT-0600 (Mountain Daylight Time),-38.6,0,0
343,Sat Jun 17 2023 04:28:29 GMT-0600 (Mountain Daylight Time),-38.6,0,0
344,Sat Jun 17 2023 05:28:29 GMT-0600 (Mountain Daylight Time),-38.6,0,0
345,Sat Jun 17 2023 06:28:29 GMT-0600 (Mountain Daylight Time),-38.6,0,0
346,Sat Jun 17 2023 07:28:29 GMT-0600 (Mountain Daylight Time),-38.6,0,0
347,Sat Jun 17 2023 08:28:29 GMT-0600 (Mountain Daylight Time),-38.6,0,0
348,Sat Jun 17 2023 09:28:29 GMT-0600 (Mountain Daylight Time),-38.6,0,0
349,Sat Jun 17 2023 10:28:29 GMT-0600 (Mountain Daylight Time),-38.6,0,0
350,Sat Jun 17 2023 11:28:29 GMT-0600 (Mountain Daylight Time),-38.6,0,0
351,Sat Jun 17 2023 12:28:29 GMT-0600 (Mountain Daylight Time),-38.6,0,0
352,Sat Jun 17 2023 13:28:29 GMT-0600 (Mountain Daylight Time),-38.6,0,0
353,Sat Jun 17 2023 14:28:29 GMT-0600 (Mountain Daylight Time),-38.6,0,0
354,Sat Jun 17 2023 15:28:29 GMT-0600 (Mountain Daylight Time),-38.6,0,0
355,Sat Jun 17 2023 16:28:29 GMT-0600 (Mountain Daylight Time),-38.6,0,0
356,Sat Jun 17 2023 17:28:29 GMT-0600 (Mountain Daylight Time),-38.6,0,0
357,Sat Jun 17 2023 18:28:29 GMT-0600 (Mountain Daylight Time),-38.6,0,0
358,Sat Jun 17 2023 19:28:29 GMT-0600 (Mountain Daylight Time),-38.6,0,0
359,Sat Jun 17 2023 20:28:29 GMT-0600 (Mountain Daylight Time),-38.6,0,0
360,Sat Jun 17 2023 21:28:29 GMT-0600 (Mountain Daylight Time),-38.6,0,0
361,Sat Jun 17 2023 22:28:29 GMT-0600 (Mountain Daylight Time),-38.6,0,0
362,Sat Jun 17 2023 23:28:29 GMT-0600 (Mountain Daylight Time),-38.6,0,0
363,Sun Jun 18 2023 00:28:29 GMT-0600 (Mountain Daylight Time),-38.6,0,0
364,Sun Jun 18 2023 01:28:29 GMT-0600 (Mountain Daylight Time),-38.6,0,0
365,Sun Jun 18 2023 02:28:29 GMT-0600 (Mountain Daylight Time),-38.6,0,0
366,Sun Jun 18 2023 03:28:29 GMT-0600 (Mountain Daylight Time),-38.6,0,0
367,Sun Jun 18 2023 04:28:29 GMT-0600 (Mountain Daylight Time),-38.6,0,0
368,Sun Jun 18 2023 05:28:29 GMT-0600 (Mountain Daylight Time),-38.6,0,0
369,Sun Jun 18 2023 06:28:29 GMT-0600 (Mountain Daylight Time),-38.6,0,0
370,Sun Jun 18 2023 07:28:29 GMT-0600 (Mountain Daylight Time),-38.6,0,0
371,Sun Jun 18 2023 08:28:29 GMT-0600 (Mountain Daylight Time),-38.6,0,0
372,Sun Jun 18 2023 09:28:29 GMT-0600 (Mountain Daylight Time),-38.6,0,0
373,Sun Jun 18 2023 10:28:29 GMT-0600 (Mountain Daylight Time),-38.6,0,0
374,Sun Jun 18 2023 11:28:29 GMT-0600 (Mountain Daylight Time),-38.6,0,0
375,Sun Jun 18 2023 12:28:29 GMT-0600 (Mountain Daylight Time),-38.6,0,0
376,Sun Jun 18 2023 13:28:29 GMT-0600 (Mountain Daylight Time),-38.6,0,0
377,Sun Jun 18 2023 14:28:29 GMT-0600 (Mountain Daylight Time),-38.6,0,0
378,Sun Jun 18 2023 15:28:29 GMT-0600 (Mountain Daylight Time),-38.6,0,0
379,Sun Jun 18 2023 16:28:29 GMT-0600 (Mountain Daylight Time),-38.6,0,0
380,Sun Jun 18 2023 17:28:29 GMT-0600 (Mountain Daylight Time),-38.6,0,0
381,Sun Jun 18 2023 18:28:29 GMT-0600 (Mountain Daylight Time),-38.6,0,0
382,Sun Jun 18 2023 19:28:29 GMT-0600 (Mountain Daylight Time),-38.6,0,0
383,Sun Jun 18 2023 20:28:29 GMT-0600 (Mountain Daylight Time),-38.6,0,0
384,Sun Jun 18 2023 21:28:29 GMT-0600 (Mountain Daylight Time),-38.6,0,0
385,Sun Jun 18 2023 22:28:29 GMT-0600 (Mountain Daylight Time),-38.6,0,0
386,Sun Jun 18 2023 23:28:29 GMT-0600 (Mountain Daylight Time),-38.6,0,0
387,Mon Jun 19 2023 00:28:29 GMT-0600 (Mountain Daylight Time),-38.6,0,0
388,Mon Jun 19 2023 01:28:29 GMT-0600 (Mountain Daylight Time),-38.6,0,0
389,Mon Jun 19 2023 02:28:29 GMT-0600 (Mountain Daylight Time),-38.6,0,0
390,Mon Jun 19 2023 03:28:29 GMT-0600 (Mountain Daylight Time),-38.6,0,0
391,Mon Jun 19 2023 04:28:29 GMT-0600 (Mountain Daylight Time),-38.6,0,0
392,Mon Jun 19 2023 05:28:29 GMT-0600 (Mountain Daylight Time),-38.6,0,0
393,Mon Jun 19 2023 06:28:29 GMT-0600 (Mountain Daylight Time),-38.6,0,0
394,Mon Jun 19 2023 07:28:29 GMT-0600 (Mountain Daylight Time),-38.6,0,0
395,Mon Jun 19 2023 08:28:29 GMT-0600 (Mountain Daylight Time),-38.6,0,0
396,Mon Jun 19 2023 09:28:29 GMT-0600 (Mountain Daylight Time),-38.6,0,0
397,Mon Jun 19 2023 10:28:29 GMT-0600 (Mountain Daylight Time),-38.6,0,0
398,Mon Jun 19 2023 11:28:29 GMT-0600 (Mountain Daylight Time),-38.6,0,0
399,Mon Jun 19 2023 12:28:29 GMT-0600 (Mountain Daylight Time),-38.6,0,0
400,Mon Jun 19 2023 13:28:29 GMT-0600 (Mountain Daylight Time),-38.6,0,0
401,Mon Jun 19 2023 14:28:29 GMT-0600 (Mountain Daylight Time),-38.6,0,0
402,Mon Jun 19 2023 15:28:29 GMT-0600 (Mountain Daylight Time),-38.6,0,0
403,Mon Jun 19 2023 16:28:29 GMT-0600 (Mountain Daylight Time),-38.6,0,0
404,Mon Jun 19 2023 17:28:29 GMT-0600 (Mountain Daylight Time),-38.6,0,0
405,Mon Jun 19 2023 18:28:29 GMT-0600 (Mountain Daylight Time),-38.6,0,0
406,Mon Jun 19 2023 19:28:29 GMT-0600 (Mountain Daylight Time),-38.6,0,0
407,Mon Jun 19 2023 20:28:29 GMT-0600 (Mountain Daylight Time),-38.6,0,0
408,Mon Jun 19 2023 21:28:29 GMT-0600 (Mountain Daylight Time),-38.6,0,0
409,Mon Jun 19 2023 22:28:29 GMT-0600 (Mountain Daylight Time),-38.6,0,0
410,Mon Jun 19 2023 23:28:29 GMT-0600 (Mountain Daylight Time),-38.6,0,0
411,Tue Jun 20 2023 00:28:29 GMT-0600 (Mountain Daylight Time),-38.6,0,0
412,Tue Jun 20 2023 01:28:29 GMT-0600 (Mountain Daylight Time),-38.6,0,0
413,Tue Jun 20 2023 02:28:29 GMT-0600 (Mountain Daylight Time),-38.6,0,0
414,Tue Jun 20 2023 03:28:29 GMT-0600 (Mountain Daylight Time),-38.6,0,0
415,Tue Jun 20 2023 04:28:29 GMT-0600 (Mountain Daylight Time),-38.6,0,0
416,Tue Jun 20 2023 05:28:29 GMT-0600 (Mountain Daylight Time),-38.6,0,0
417,Tue Jun 20 2023 06:28:29 GMT-0600 (Mountain Daylight Time),-38.6,0,0
418,Tue Jun 20 2023 07:28:29 GMT-0600 (Mountain Daylight Time),-38.6,0,0
419,Tue Jun 20 2023 08:28:29 GMT-0600 (Mountain Daylight Time),-38.6,0,0
420,Tue Jun 20 2023 09:28:29 GMT-0600 (Mountain Daylight Time),-38.6,0,0
421,Tue Jun 20 2023 10:28:29 GMT-0600 (Mountain Daylight Time),-38.6,0,0
422,Tue Jun 20 2023 11:28:29 GMT-0600 (Mountain Daylight Time),-38.6,0,0
423,Tue Jun 20 2023 12:28:29 GMT-0600 (Mountain Daylight Time),-38.6,0,0
424,Tue Jun 20 2023 13:28:29 GMT-0600 (Mountain Daylight Time),-38.6,0,0
425,Tue Jun 20 2023 14:28:29 GMT-0600 (Mountain Daylight Time),-38.6,0,0
426,Tue Jun 20 2023 15:28:29 GMT-0600 (Mountain Daylight Time),-38.6,0,0
427,Tue Jun 20 2023 16:28:29 GMT-0600 (Mountain Daylight Time),-38.6,0,0
428,Tue Jun 20 2023 17:28:29 GMT-0600 (Mountain Daylight Time),-38.6,0,0
429,Tue Jun 20 2023 18:28:29 GMT-0600 (Mountain Daylight Time),-38.6,0,0
430,Tue Jun 20 2023 19:28:29 GMT-0600 (Mountain Daylight Time),-38.6,0,0
431,Tue Jun 20 2023 20:28:29 GMT-0600 (Mountain Daylight Time),-38.6,0,0
432,Tue Jun 20 2023 21:28:29 GMT-0600 (Mountain Daylight Time),-38.6,0,0
433,Tue Jun 20 2023 22:28:29 GMT-0600 (Mountain Daylight Time),-38.6,0,0
434,Tue Jun 20 2023 23:28:29 GMT-0600 (Mountain Daylight Time),-38.6,0,0
435,Wed Jun 21 2023 00:28:29 GMT-0600 (Mountain Daylight Time),-38.6,0,0
436,Wed Jun 21 2023 01:28:29 GMT-0600 (Mountain Daylight Time),-38.6,0,0
437,Wed Jun 21 2023 02:28:29 GMT-0600 (Mountain Daylight Time),-38.6,0,0
438,Wed Jun 21 2023 03:28:29 GMT-0600 (Mountain Daylight Time),-38.6,0,0
439,Wed Jun 21 2023 04:28:29 GMT-0600 (Mountain Daylight Time),-38.6,0,0
440,Wed Jun 21 2023 05:28:29 GMT-0600 (Mountain Daylight Time),-38.6,0,0
441,Wed Jun 21 2023 06:28:29 GMT-0600 (Mountain Daylight Time),-38.6,0,0
442,Wed Jun 21 2023 07:28:29 GMT-0600 (Mountain Daylight Time),-38.6,0,0
443,Wed Jun 21 2023 08:28:29 GMT-0600 (Mountain Daylight Time),-38.6,0,0
444,Wed Jun 21 2023 09:28:29 GMT-0600 (Mountain Daylight Time),-38.6,0,0
445,Wed Jun 21 2023 10:28:29 GMT-0600 (Mountain Daylight Time),-38.6,0,0
446,Wed Jun 21 2023 11:28:29 GMT-0600 (Mountain Daylight Time),-38.6,0,0
447,Wed Jun 21 2023 12:28:29 GMT-0600 (Mountain Daylight Time),-38.6,0,0
448,Wed Jun 21 2023 13:28:29 GMT-0600 (Mountain Daylight Time),-38.6,0,0
449,Wed Jun 21 2023 14:28:29 GMT-0600 (Mountain Daylight Time),-38.6,0,0
450,Wed Jun 21 2023 15:28:29 GMT-0600 (Mountain Daylight Time),-38.6,0,0
451,Wed Jun 21 2023 16:28:29 GMT-0600 (Mountain Daylight Time),-38.6,0,0
452,Wed Jun 21 2023 17:28:29 GMT-0600 (Mountain Daylight Time),-38.6,0,0
453,Wed Jun 21 2023 18:28:29 GMT-0600 (Mountain Daylight Time),-38.6,0,0
454,Wed Jun 21 2023 19:28:29 GMT-0600 (Mountain Daylight Time),-38.6,0,0
455,Wed Jun 21 2023 20:28:29 GMT-0600 (Mountain Daylight Time),-38.6,0,0
456,Wed Jun 21 2023 21:28:29 GMT-0600 (Mountain Daylight Time),-38.6,0,0
457,Wed Jun 21 2023 22:28:29 GMT-0600 (Mountain Daylight Time),-38.6,0,0
458,Wed Jun 21 2023 23:28:29 GMT-0600 (Mountain Daylight Time),-38.6,0,0
459,Thu Jun 22 2023 00:28:29 GMT-0600 (Mountain Daylight Time),-38.6,0,0
460,Thu Jun 22 2023 01:28:29 GMT-0600 (Mountain Daylight Time),-38.6,0,0
461,Thu Jun 22 2023 02:28:29 GMT-0600 (Mountain Daylight Time),-38.6,0,0
462,Thu Jun 22 2023 03:28:29 GMT-0600 (Mountain Daylight Time),-38.6,0,0
463,Thu Jun 22 2023 04:28:29 GMT-0600 (Mountain Daylight Time),-38.6,0,0
464,Thu Jun 22 2023 05:28:29 GMT-0600 (Mountain Daylight Time),-38.6,0,0
465,Thu Jun 22 2023 06:28:29 GMT-0600 (Mountain Daylight Time),-38.6,0,0
466,Thu Jun 22 2023 07:28:29 GMT-0600 (Mountain Daylight Time),-38.6,0,0
467,Thu Jun 22 2023 08:28:29 GMT-0600 (Mountain Daylight Time),-38.6,0,0
468,Thu Jun 22 2023 09:28:29 GMT-0600 (Mountain Daylight Time),-38.6,0,0
469,Thu Jun 22 2023 10:28:29 GMT-0600 (Mountain Daylight Time),-38.6,0,0
470,Thu Jun 22 2023 11:28:29 GMT-0600 (Mountain Daylight Time),-38.6,0,0
471,Thu Jun 22 2023 12:28:29 GMT-0600 (Mountain Daylight Time),-38.6,0,0
472,Thu Jun 22 2023 13:28:29 GMT-0600 (Mountain Daylight Time),-38.6,0,0
473,Thu Jun 22 2023 14:28:29 GMT-0600 (Mountain Daylight Time),-38.6,0,0
474,Thu Jun 22 2023 15:28:29 GMT-0600 (Mountain Daylight Time),-38.6,0,0
475,Thu Jun 22 2023 16:28:29 GMT-0600 (Mountain Daylight Time),-38.6,0,0
476,Thu Jun 22 2023 17:28:29 GMT-0600 (Mountain Daylight Time),-38.6,0,0
477,Thu Jun 22 2023 18:28:29 GMT-0600 (Mountain Daylight Time),-38.6,0,0
478,Thu Jun 22 2023 19:28:29 GMT-0600 (Mountain Daylight Time),-38.6,0,0
479,Thu Jun 22 2023 20:28:29 GMT-0600 (Mountain Daylight Time),-38.6,0,0
480,Thu Jun 22 2023 21:28:29 GMT-0600 (Mountain Daylight Time),-38.6,0,0
481,Thu Jun 22 2023 22:28:29 GMT-0600 (Mountain Daylight Time),-38.6,0,0
482,Thu Jun 22 2023 23:28:29 GMT-0600 (Mountain Daylight Time),-38.6,0,0
483,Fri Jun 23 2023 00:28:29 GMT-0600 (Mountain Daylight Time),-38.6,0,0
484,Fri Jun 23 2023 01:28:29 GMT-0600 (Mountain Daylight Time),-38.6,0,0
485,Fri Jun 23 2023 02:28:29 GMT-0600 (Mountain Daylight Time),-38.6,0,0
486,Fri Jun 23 2023 03:28:29 GMT-0600 (Mountain Daylight Time),-38.6,0,0
487,Fri Jun 23 2023 04:28:29 GMT-0600 (Mountain Daylight Time),-38.6,0,0
488,Fri Jun 23 2023 05:28:29 GMT-0600 (Mountain Daylight Time),-38.6,0,0
489,Fri Jun 23 2023 06:28:29 GMT-0600 (Mountain Daylight Time),-38.6,0,0
490,Fri Jun 23 2023 07:28:29 GMT-0600 (Mountain Daylight Time),-38.6,0,0
491,Fri Jun 23 2023 08:28:29 GMT-0600 (Mountain Daylight Time),-38.6,0,0
492,Fri Jun 23 2023 09:28:29 GMT-0600 (Mountain Daylight Time),-38.6,0,0
493,Fri Jun 23 2023 10:28:29 GMT-0600 (Mountain Daylight Time),-38.6,0,0
494,Fri Jun 23 2023 11:28:29 GMT-0600 (Mountain Daylight Time),-38.6,0,0
495,Fri Jun 23 2023 12:28:29 GMT-0600 (Mountain Daylight Time),-38.6,0,0
496,Fri Jun 23 2023 13:28:29 GMT-0600 (Mountain Daylight Time),-38.6,0,0
497,Fri Jun 23 2023 14:28:29 GMT-0600 (Mountain Daylight Time),-38.6,0,0
498,Fri Jun 23 2023 15:28:29 GMT-0600 (Mountain Daylight Time),-38.6,0,0
499,Fri Jun 23 2023 16:28:29 GMT-0600 (Mountain Daylight Time),-38.6,0,0
500,Fri Jun 23 2023 17:28:29 GMT-0600 (Mountain Daylight Time),-38.6,0,0
501,Fri Jun 23 2023 18:28:29 GMT-0600 (Mountain Daylight Time),-38.6,0,0
502,Fri Jun 23 2023 19:28:29 GMT-0600 (Mountain Daylight Time),-38.6,0,0
503,Fri Jun 23 2023 20:28:29 GMT-0600 (Mountain Daylight Time),-38.6,0,0
504,Fri Jun 23 2023 21:28:29 GMT-0600 (Mountain Daylight Time),-38.6,0,0
505,Fri Jun 23 2023 22:28:29 GMT-0600 (Mountain Daylight Time),-38.6,0,0
506,Fri Jun 23 2023 23:28:29 GMT-0600 (Mountain Daylight Time),-38.6,0,0
507,Sat Jun 24 2023 00:28:29 GMT-0600 (Mountain Daylight Time),-38.6,0,0
508,Sat Jun 24 2023 01:28:29 GMT-0600 (Mountain Daylight Time),-38.6,0,0
509,Sat Jun 24 2023 02:28:29 GMT-0600 (Mountain Daylight Time),-38.6,0,0
510,Sat Jun 24 2023 03:28:29 GMT-0600 (Mountain Daylight Time),-38.6,0,0
511,Sat Jun 24 2023 04:28:29 GMT-0600 (Mountain Daylight Time),-38.6,0,0
512,Sat Jun 24 2023 05:28:29 GMT-0600 (Mountain Daylight Time),-38.6,0,0
513,Sat Jun 24 2023 06:28:29 GMT-0600 (Mountain Daylight Time),-38.6,0,0
514,Sat Jun 24 2023 07:28:29 GMT-0600 (Mountain Daylight Time),-38.6,0,0
515,Sat Jun 24 2023 08:28:29 GMT-0600 (Mountain Daylight Time),-38.6,0,0
516,Sat Jun 24 2023 09:28:29 GMT-0600 (Mountain Daylight Time),-38.6,0,0
517,Sat Jun 24 2023 10:28:29 GMT-0600 (Mountain Daylight Time),-38.6,0,0
518,Sat Jun 24 2023 11:28:29 GMT-0600 (Mountain Daylight Time),-38.6,0,0
519,Sat Jun 24 2023 12:28:29 GMT-0600 (Mountain Daylight Time),-38.6,0,0
520,Sat Jun 24 2023 13:28:29 GMT-0600 (Mountain Daylight Time),-38.6,0,0
521,Sat Jun 24 2023 14:28:29 GMT-0600 (Mountain Daylight Time),-38.6,0,0
522,Sat Jun 24 2023 15:28:29 GMT-0600 (Mountain Daylight Time),-38.6,0,0
523,Sat Jun 24 2023 16:28:29 GMT-0600 (Mountain Daylight Time),-38.6,0,0
524,Sat Jun 24 2023 17:28:29 GMT-0600 (Mountain Daylight Time),-38.6,0,0
525,Sat Jun 24 2023 18:28:29 GMT-0600 (Mountain Daylight Time),-38.6,0,0
526,Sat Jun 24 2023 19:28:29 GMT-0600 (Mountain Daylight Time),-38.6,0,0
527,Sat Jun 24 2023 20:28:29 GMT-0600 (Mountain Daylight Time),-38.6,0,0
528,Sat Jun 24 2023 21:28:29 GMT-0600 (Mountain Daylight Time),-38.6,0,0
529,Sat Jun 24 2023 22:28:29 GMT-0600 (Mountain Daylight Time),-38.6,0,0
530,Sat Jun 24 2023 23:28:29 GMT-0600 (Mountain Daylight Time),-38.6,0,0
531,Sun Jun 25 2023 00:28:29 GMT-0600 (Mountain Daylight Time),-38.6,0,0
532,Sun Jun 25 2023 01:28:29 GMT-0600 (Mountain Daylight Time),-38.6,0,0
533,Sun Jun 25 2023 02:28:29 GMT-0600 (Mountain Daylight Time),-38.6,0,0
534,Sun Jun 25 2023 03:28:29 GMT-0600 (Mountain Daylight Time),-38.6,0,0
535,Sun Jun 25 2023 04:28:29 GMT-0600 (Mountain Daylight Time),-38.6,0,0
536,Sun Jun 25 2023 05:28:29 GMT-0600 (Mountain Daylight Time),-38.6,0,0
537,Sun Jun 25 2023 06:28:29 GMT-0600 (Mountain Daylight Time),-38.6,0,0
538,Sun Jun 25 2023 07:28:29 GMT-0600 (Mountain Daylight Time),-38.6,0,0
539,Sun Jun 25 2023 08:28:29 GMT-0600 (Mountain Daylight Time),-38.6,0,0
540,Sun Jun 25 2023 09:28:29 GMT-0600 (Mountain Daylight Time),-38.6,0,0
541,Sun Jun 25 2023 10:28:29 GMT-0600 (Mountain Daylight Time),-38.6,0,0
542,Sun Jun 25 2023 11:28:29 GMT-0600 (Mountain Daylight Time),-38.6,0,0
543,Sun Jun 25 2023 12:28:29 GMT-0600 (Mountain Daylight Time),-38.6,0,0
544,Sun Jun 25 2023 13:28:29 GMT-0600 (Mountain Daylight Time),-38.6,0,0
545,Sun Jun 25 2023 14:28:29 GMT-0600 (Mountain Daylight Time),-38.6,0,0
546,Sun Jun 25 2023 15:28:29 GMT-0600 (Mountain Daylight Time),-38.6,0,0
547,Sun Jun 25 2023 16:28:29 GMT-0600 (Mountain Daylight Time),-38.6,0,0
548,Sun Jun 25 2023 17:28:29 GMT-0600 (Mountain Daylight Time),-38.6,0,0
549,Sun Jun 25 2023 18:28:29 GMT-0600 (Mountain Daylight Time),-38.6,0,0
550,Sun Jun 25 2023 19:28:29 GMT-0600 (Mountain Daylight Time),-38.6,0,0
551,Sun Jun 25 2023 20:28:29 GMT-0600 (Mountain Daylight Time),-38.6,0,0
552,Sun Jun 25 2023 21:28:29 GMT-0600 (Mountain Daylight Time),-38.6,0,0
553,Sun Jun 25 2023 22:28:29 GMT-0600 (Mountain Daylight Time),-38.6,0,0
554,Sun Jun 25 2023 23:28:29 GMT-0600 (Mountain Daylight Time),-38.6,0,0
555,Mon Jun 26 2023 00:28:29 GMT-0600 (Mountain Daylight Time),-38.6,0,0
556,Mon Jun 26 2023 01:28:29 GMT-0600 (Mountain Daylight Time),-38.6,0,0
557,Mon Jun 26 2023 02:28:29 GMT-0600 (Mountain Daylight Time),-38.6,0,0
558,Mon Jun 26 2023 03:28:29 GMT-0600 (Mountain Daylight Time),-38.6,0,0
559,Mon Jun 26 2023 04:28:29 GMT-0600 (Mountain Daylight Time),-38.6,0,0
560,Mon Jun 26 2023 05:28:29 GMT-0600 (Mountain Daylight Time),-38.6,0,0
561,Mon Jun 26 2023 06:28:29 GMT-0600 (Mountain Daylight Time),-38.6,0,0
562,Mon Jun 26 2023 07:28:29 GMT-0600 (Mountain Daylight Time),-38.6,0,0
563,Mon Jun 26 2023 08:28:29 GMT-0600 (Mountain Daylight Time),-38.6,0,0
564,Mon Jun 26 2023 09:28:29 GMT-0600 (Mountain Daylight Time),-38.6,0,0
565,Mon Jun 26 2023 10:28:29 GMT-0600 (Mountain Daylight Time),-38.6,0,0
566,Mon Jun 26 2023 11:28:29 GMT-0600 (Mountain Daylight Time),-38.6,0,0
567,Mon Jun 26 2023 12:28:29 GMT-0600 (Mountain Daylight Time),-38.6,0,0
568,Mon Jun 26 2023 13:28:29 GMT-0600 (Mountain Daylight Time),-38.6,0,0
569,Mon Jun 26 2023 14:28:29 GMT-0600 (Mountain Daylight Time),-38.6,0,0
570,Mon Jun 26 2023 15:28:29 GMT-0600 (Mountain Daylight Time),-38.6,0,0
571,Mon Jun 26 2023 16:28:29 GMT-0600 (Mountain Daylight Time),-38.6,0,0
572,Mon Jun 26 2023 17:28:29 GMT-0600 (Mountain Daylight Time),-38.6,0,0
573,Mon Jun 26 2023 18:28:29 GMT-0600 (Mountain Daylight Time),-38.6,0,0
574,Mon Jun 26 2023 19:28:29 GMT-0600 (Mountain Daylight Time),-38.6,0,0
575,Mon Jun 26 2023 20:28:29 GMT-0600 (Mountain Daylight Time),-38.6,0,0
576,Mon Jun 26 2023 21:28:29 GMT-0600 (Mountain Daylight Time),-38.6,0,0
577,Mon Jun 26 2023 22:28:29 GMT-0600 (Mountain Daylight Time),-38.6,0,0
578,Mon Jun 26 2023 23:28:29 GMT-0600 (Mountain Daylight Time),-38.6,0,0
579,Tue Jun 27 2023 00:28:29 GMT-0600 (Mountain Daylight Time),-38.6,0,0
580,Tue Jun 27 2023 01:28:29 GMT-0600 (Mountain Daylight Time),-38.6,0,0
581,Tue Jun 27 2023 02:28:29 GMT-0600 (Mountain Daylight Time),-38.6,0,0
582,Tue Jun 27 2023 03:28:29 GMT-0600 (Mountain Daylight Time),-38.6,0,0
583,Tue Jun 27 2023 04:28:29 GMT-0600 (Mountain Daylight Time),-38.6,0,0
584,Tue Jun 27 2023 05:28:29 GMT-0600 (Mountain Daylight Time),-38.6,0,0
585,Tue Jun 27 2023 06:28:29 GMT-0600 (Mountain Daylight Time),-38.6,0,0
586,Tue Jun 27 2023 07:28:29 GMT-0600 (Mountain Daylight Time),-38.6,0,0
587,Tue Jun 27 2023 08:28:29 GMT-0600 (Mountain Daylight Time),-38.6,0,0
588,Tue Jun 27 2023 09:28:29 GMT-0600 (Mountain Daylight Time),-38.6,0,0
589,Tue Jun 27 2023 10:28:29 GMT-0600 (Mountain Daylight Time),-38.6,0,0
590,Tue Jun 27 2023 11:28:29 GMT-0600 (Mountain Daylight Time),-38.6,0,0
591,Tue Jun 27 2023 12:28:29 GMT-0600 (Mountain Daylight Time),-38.6,0,0
592,Tue Jun 27 2023 13:28:29 GMT-0600 (Mountain Daylight Time),-38.6,0,0
593,Tue Jun 27 2023 14:28:29 GMT-0600 (Mountain Daylight Time),-38.6,0,0
594,Tue Jun 27 2023 15:28:29 GMT-0600 (Mountain Daylight Time),-38.6,0,0
595,Tue Jun 27 2023 16:28:29 GMT-0600 (Mountain Daylight Time),-38.6,0,0
596,Tue Jun 27 2023 17:28:29 GMT-0600 (Mountain Daylight Time),-38.6,0,0
597,Tue Jun 27 2023 18:28:29 GMT-0600 (Mountain Daylight Time),-38.6,0,0
598,Tue Jun 27 2023 19:28:29 GMT-0600 (Mountain Daylight Time),-38.6,0,0
599,Tue Jun 27 2023 20:28:29 GMT-0600 (Mountain Daylight Time),-38.6,0,0
600,Tue Jun 27 2023 21:28:29 GMT-0600 (Mountain Daylight Time),-38.6,0,0
601,Tue Jun 27 2023 22:28:29 GMT-0600 (Mountain Daylight Time),-38.6,0,0
602,Tue Jun 27 2023 23:28:29 GMT-0600 (Mountain Daylight Time),-38.6,0,0
603,Wed Jun 28 2023 00:28:29 GMT-0600 (Mountain Daylight Time),-38.6,0,0
604,Wed Jun 28 2023 01:28:29 GMT-0600 (Mountain Daylight Time),-38.6,0,0
605,Wed Jun 28 2023 02:28:29 GMT-0600 (Mountain Daylight Time),-38.6,0,0
606,Wed Jun 28 2023 03:28:29 GMT-0600 (Mountain Daylight Time),-38.6,0,0
607,Wed Jun 28 2023 04:28:29 GMT-0600 (Mountain Daylight Time),-38.6,0,0
608,Wed Jun 28 2023 05:28:29 GMT-0600 (Mountain Daylight Time),-38.6,0,0
609,Wed Jun 28 2023 06:28:29 GMT-0600 (Mountain Daylight Time),-38.6,0,0
610,Wed Jun 28 2023 07:28:29 GMT-0600 (Mountain Daylight Time),-38.6,0,0
611,Wed Jun 28 2023 08:28:29 GMT-0600 (Mountain Daylight Time),-38.6,0,0
612,Wed Jun 28 2023 09:28:29 GMT-0600 (Mountain Daylight Time),-38.6,0,0
613,Wed Jun 28 2023 10:28:29 GMT-0600 (Mountain Daylight Time),-38.6,0,0
614,Wed Jun 28 2023 11:28:29 GMT-0600 (Mountain Daylight Time),-38.6,0,0
615,Wed Jun 28 2023 12:28:29 GMT-0600 (Mountain Daylight Time),-38.6,0,0
616,Wed Jun 28 2023 13:28:29 GMT-0600 (Mountain Daylight Time),-38.6,0,0
617,Wed Jun 28 2023 14:28:29 GMT-0600 (Mountain Daylight Time),-38.6,0,0
618,Wed Jun 28 2023 15:28:29 GMT-0600 (Mountain Daylight Time),-38.6,0,0
619,Wed Jun 28 2023 16:28:29 GMT-0600 (Mountain Daylight Time),-38.6,0,0
620,Wed Jun 28 2023 17:28:29 GMT-0600 (Mountain Daylight Time),-38.6,0,0
621,Wed Jun 28 2023 18:28:29 GMT-0600 (Mountain Daylight Time),-38.6,0,0
622,Wed Jun 28 2023 19:28:29 GMT-0600 (Mountain Daylight Time),-38.6,0,0
623,Wed Jun 28 2023 20:28:29 GMT-0600 (Mountain Daylight Time),-38.6,0,0
624,Wed Jun 28 2023 21:28:29 GMT-0600 (Mountain Daylight Time),-38.6,0,0
625,Wed Jun 28 2023 22:28:29 GMT-0600 (Mountain Daylight Time),-38.6,0,0
626,Wed Jun 28 2023 23:28:29 GMT-0600 (Mountain Daylight Time),-38.6,0,0
627,Thu Jun 29 2023 00:28:29 GMT-0600 (Mountain Daylight Time),-38.6,0,0
628,Thu Jun 29 2023 01:28:29 GMT-0600 (Mountain Daylight Time),-38.6,0,0
629,Thu Jun 29 2023 02:28:29 GMT-0600 (Mountain Daylight Time),-38.6,0,0
630,Thu Jun 29 2023 03:28:29 GMT-0600 (Mountain Daylight Time),-38.6,0,0
631,Thu Jun 29 2023 04:28:29 GMT-0600 (Mountain Daylight Time),-38.6,0,0
632,Thu Jun 29 2023 05:28:29 GMT-0600 (Mountain Daylight Time),-38.6,0,0
633,Thu Jun 29 2023 06:28:29 GMT-0600 (Mountain Daylight Time),-38.6,0,0
634,Thu Jun 29 2023 07:28:29 GMT-0600 (Mountain Daylight Time),-38.6,0,0
635,Thu Jun 29 2023 08:28:29 GMT-0600 (Mountain Daylight Time),-38.6,0,0
636,Thu Jun 29 2023 09:28:29 GMT-0600 (Mountain Daylight Time),-38.6,0,0
637,Thu Jun 29 2023 10:28:29 GMT-0600 (Mountain Daylight Time),-38.6,0,0
638,Thu Jun 29 2023 11:28:29 GMT-0600 (Mountain Daylight Time),-38.6,0,0
639,Thu Jun 29 2023 12:28:29 GMT-0600 (Mountain Daylight Time),-38.6,0,0
640,Thu Jun 29 2023 13:28:29 GMT-0600 (Mountain Daylight Time),-38.6,0,0
641,Thu Jun 29 2023 14:28:29 GMT-0600 (Mountain Daylight Time),-38.6,0,0
642,Thu Jun 29 2023 15:28:29 GMT-0600 (Mountain Daylight Time),-38.6,0,0
643,Thu Jun 29 2023 16:28:29 GMT-0600 (Mountain Daylight Time),-38.6,0,0
644,Thu Jun 29 2023 17:28:29 GMT-0600 (Mountain Daylight Time),-38.6,0,0
645,Thu Jun 29 2023 18:28:29 GMT-0600 (Mountain Daylight Time),-38.6,0,0
646,Thu Jun 29 2023 19:28:29 GMT-0600 (Mountain Daylight Time),-38.6,0,0
647,Thu Jun 29 2023 20:28:29 GMT-0600 (Mountain Daylight Time),-38.6,0,0
648,Thu Jun 29 2023 21:28:29 GMT-0600 (Mountain Daylight Time),-38.6,0,0
649,Thu Jun 29 2023 22:28:29 GMT-0600 (Mountain Daylight Time),-38.6,0,0
650,Thu Jun 29 2023 23:28:29 GMT-0600 (Mountain Daylight Time),-38.6,0,0
651,Fri Jun 30 2023 00:28:29 GMT-0600 (Mountain Daylight Time),-38.6,0,0
652,Fri Jun 30 2023 01:28:29 GMT-0600 (Mountain Daylight Time),-38.6,0,0
653,Fri Jun 30 2023 02:28:29 GMT-0600 (Mountain Daylight Time),-38.6,0,0
654,Fri Jun 30 2023 03:28:29 GMT-0600 (Mountain Daylight Time),-38.6,0,0
655,Fri Jun 30 2023 04:28:29 GMT-0600 (Mountain Daylight Time),-38.6,0,0
656,Fri Jun 30 2023 05:28:29 GMT-0600 (Mountain Daylight Time),-38.6,0,0
657,Fri Jun 30 2023 06:28:29 GMT-0600 (Mountain Daylight Time),-38.6,0,0
658,Fri Jun 30 2023 07:28:29 GMT-0600 (Mountain Daylight Time),-38.6,0,0
659,Fri Jun 30 2023 08:28:29 GMT-0600 (Mountain Daylight Time),-38.6,0,0
660,Fri Jun 30 2023 09:28:29 GMT-0600 (Mountain Daylight Time),-38.6,0,0
661,Fri Jun 30 2023 10:28:29 GMT-0600 (Mountain Daylight Time),-38.6,0,0
662,Fri Jun 30 2023 11:28:29 GMT-0600 (Mountain Daylight Time),-38.6,0,0
663,Fri Jun 30 2023 12:28:29 GMT-0600 (Mountain Daylight Time),-38.6,0,0
664,Fri Jun 30 2023 13:28:29 GMT-0600 (Mountain Daylight Time),-38.6,0,0
665,Fri Jun 30 2023 14:28:29 GMT-0600 (Mountain Daylight Time),-38.6,0,0
666,Fri Jun 30 2023 15:28:29 GMT-0600 (Mountain Daylight Time),-38.6,0,0
667,Fri Jun 30 2023 16:28:29 GMT-0600 (Mountain Daylight Time),-38.6,0,0
668,Fri Jun 30 2023 17:28:29 GMT-0600 (Mountain Daylight Time),-38.6,0,0
669,Fri Jun 30 2023 18:28:29 GMT-0600 (Mountain Daylight Time),-38.6,0,0
670,Fri Jun 30 2023 19:28:29 GMT-0600 (Mountain Daylight Time),-38.6,0,0
671,Fri Jun 30 2023 20:28:29 GMT-0600 (Mountain Daylight Time),-38.6,0,0
672,Fri Jun 30 2023 21:28:29 GMT-0600 (Mountain Daylight Time),-38.6,0,0
673,Fri Jun 30 2023 22:28:29 GMT-0600 (Mountain Daylight Time),-38.6,0,0
674,Fri Jun 30 2023 23:28:29 GMT-0600 (Mountain Daylight Time),-38.6,0,0
675,Sat Jul 01 2023 00:28:29 GMT-0600 (Mountain Daylight Time),-38.6,0,0
676,Sat Jul 01 2023 01:28:29 GMT-0600 (Mountain Daylight Time),-38.6,0,0
677,Sat Jul 01 2023 02:28:29 GMT-0600 (Mountain Daylight Time),-38.6,0,0
678,Sat Jul 01 2023 03:28:29 GMT-0600 (Mountain Daylight Time),-38.6,0,0
679,Sat Jul 01 2023 04:28:29 GMT-0600 (Mountain Daylight Time),-38.6,0,0
680,Sat Jul 01 2023 05:28:29 GMT-0600 (Mountain Daylight Time),-38.6,0,0
681,Sat Jul 01 2023 06:28:29 GMT-0600 (Mountain Daylight Time),-38.6,0,0
682,Sat Jul 01 2023 07:28:29 GMT-0600 (Mountain Daylight Time),-38.6,0,0
683,Sat Jul 01 2023 08:28:29 GMT-0600 (Mountain Daylight Time),-38.6,0,0
684,Sat Jul 01 2023 09:28:29 GMT-0600 (Mountain Daylight Time),-38.6,0,0
685,Sat Jul 01 2023 10:28:29 GMT-0600 (Mountain Daylight Time),-38.6,0,0
686,Sat Jul 01 2023 11:28:29 GMT-0600 (Mountain Daylight Time),-38.6,0,0
687,Sat Jul 01 2023 12:28:29 GMT-0600 (Mountain Daylight Time),-38.6,0,0
688,Sat Jul 01 2023 13:28:29 GMT-0600 (Mountain Daylight Time),-38.6,0,0
689,Sat Jul 01 2023 14:28:29 GMT-0600 (Mountain Daylight Time),-38.6,0,0
690,Sat Jul 01 2023 15:28:29 GMT-0600 (Mountain Daylight Time),-38.6,0,0
691,Sat Jul 01 2023 16:28:29 GMT-0600 (Mountain Daylight Time),-38.6,0,0
692,Sat Jul 01 2023 17:28:29 GMT-0600 (Mountain Daylight Time),-38.6,0,0
693,Sat Jul 01 2023 18:28:29 GMT-0600 (Mountain Daylight Time),-38.6,0,0
694,Sat Jul 01 2023 19:28:29 GMT-0600 (Mountain Daylight Time),-38.6,0,0
695,Sat Jul 01 2023 20:28:29 GMT-0600 (Mountain Daylight Time),-38.6,0,0
696,Sat Jul 01 2023 21:28:29 GMT-0600 (Mountain Daylight Time),-38.6,0,0
697,Sat Jul 01 2023 22:28:29 GMT-0600 (Mountain Daylight Time),-38.6,0,0
698,Sat Jul 01 2023 23:28:29 GMT-0600 (Mountain Daylight Time),-38.6,0,0
699,Sun Jul 02 2023 00:28:29 GMT-0600 (Mountain Daylight Time),-38.6,0,0
700,Sun Jul 02 2023 01:28:29 GMT-0600 (Mountain Daylight Time),-38.6,0,0
701,Sun Jul 02 2023 02:28:29 GMT-0600 (Mountain Daylight Time),-38.6,0,0
702,Sun Jul 02 2023 03:28:29 GMT-0600 (Mountain Daylight Time),-38.6,0,0
703,Sun Jul 02 2023 04:28:29 GMT-0600 (Mountain Daylight Time),-38.6,0,0
704,Sun Jul 02 2023 05:28:29 GMT-0600 (Mountain Daylight Time),-38.6,0,0
705,Sun Jul 02 2023 06:28:29 GMT-0600 (Mountain Daylight Time),-38.6,0,0
706,Sun Jul 02 2023 07:28:29 GMT-0600 (Mountain Daylight Time),-38.6,0,0
707,Sun Jul 02 2023 08:28:29 GMT-0600 (Mountain Daylight Time),-38.6,0,0
708,Sun Jul 02 2023 09:28:29 GMT-0600 (Mountain Daylight Time),-38.6,0,0
709,Sun Jul 02 2023 10:28:29 GMT-0600 (Mountain Daylight Time),-38.6,0,0
710,Sun Jul 02 2023 11:28:29 GMT-0600 (Mountain Daylight Time),-38.6,0,0
711,Sun Jul 02 2023 12:28:29 GMT-0600 (Mountain Daylight Time),-38.6,0,0
712,Sun Jul 02 2023 13:28:29 GMT-0600 (Mountain Daylight Time),-38.6,0,0
713,Sun Jul 02 2023 14:28:29 GMT-0600 (Mountain Daylight Time),-38.6,0,0
714,Sun Jul 02 2023 15:28:29 GMT-0600 (Mountain Daylight Time),-38.6,0,0
715,Sun Jul 02 2023 16:28:29 GMT-0600 (Mountain Daylight Time),-38.6,0,0
716,Sun Jul 02 2023 17:28:29 GMT-0600 (Mountain Daylight Time),-38.6,0,0
717,Sun Jul 02 2023 18:28:29 GMT-0600 (Mountain Daylight Time),-38.6,0,0
718,Sun Jul 02 2023 19:28:29 GMT-0600 (Mountain Daylight Time),-38.6,0,0
719,Sun Jul 02 2023 20:28:29 GMT-0600 (Mountain Daylight Time),-38.6,0,0
720,Sun Jul 02 2023 21:28:29 GMT-0600 (Mountain Daylight Time),-38.6,0,0
721,Sun Jul 02 2023 22:28:29 GMT-0600 (Mountain Daylight Time),-38.6,0,0
722,Sun Jul 02 2023 23:28:29 GMT-0600 (Mountain Daylight Time),-38.6,0,0
723,Mon Jul 03 2023 00:28:29 GMT-0600 (Mountain Daylight Time),-38.6,0,0
724,Mon Jul 03 2023 01:28:29 GMT-0600 (Mountain Daylight Time),-38.6,0,0
725,Mon Jul 03 2023 02:28:29 GMT-0600 (Mountain Daylight Time),-38.6,0,0
726,Mon Jul 03 2023 03:28:29 GMT-0600 (Mountain Daylight Time),-38.6,0,0
727,Mon Jul 03 2023 04:28:29 GMT-0600 (Mountain Daylight Time),-38.6,0,0
728,Mon Jul 03 2023 05:28:29 GMT-0600 (Mountain Daylight Time),-38.6,0,0
729,Mon Jul 03 2023 06:28:29 GMT-0600 (Mountain Daylight Time),-38.6,0,0
730,Mon Jul 03 2023 07:28:29 GMT-0600 (Mountain Daylight Time),-38.6,0,0
731,Mon Jul 03 2023 08:28:29 GMT-0600 (Mountain Daylight Time),-38.6,0,0
732,Mon Jul 03 2023 09:28:29 GMT-0600 (Mountain Daylight Time),-38.6,0,0
733,Mon Jul 03 2023 10:28:29 GMT-0600 (Mountain Daylight Time),-38.6,0,0
734,Mon Jul 03 2023 11:28:29 GMT-0600 (Mountain Daylight Time),-38.6,0,0
735,Mon Jul 03 2023 12:28:29 GMT-0600 (Mountain Daylight Time),-38.6,0,0
736,Mon Jul 03 2023 13:28:29 GMT-0600 (Mountain Daylight Time),-38.6,0,0
737,Mon Jul 03 2023 14:28:29 GMT-0600 (Mountain Daylight Time),-38.6,0,0
738,Mon Jul 03 2023 15:28:29 GMT-0600 (Mountain Daylight Time),-38.6,0,0
739,Mon Jul 03 2023 16:28:29 GMT-0600 (Mountain Daylight Time),-38.6,0,0
740,Mon Jul 03 2023 17:28:29 GMT-0600 (Mountain Daylight Time),-38.6,0,0
741,Mon Jul 03 2023 18:28:29 GMT-0600 (Mountain Daylight Time),-38.6,0,0
742,Mon Jul 03 2023 19:28:29 GMT-0600 (Mountain Daylight Time),-38.6,0,0
743,Mon Jul 03 2023 20:28:29 GMT-0600 (Mountain Daylight Time),-38.6,0,0
744,Mon Jul 03 2023 21:28:29 GMT-0600 (Mountain Daylight Time),-38.6,0,0
745,Mon Jul 03 2023 22:28:29 GMT-0600 (Mountain Daylight Time),-38.6,0,0
746,Mon Jul 03 2023 23:28:29 GMT-0600 (Mountain Daylight Time),-38.6,0,0
747,Tue Jul 04 2023 00:28:29 GMT-0600 (Mountain Daylight Time),-38.6,0,0
748,Tue Jul 04 2023 01:28:29 GMT-0600 (Mountain Daylight Time),-38.6,0,0
749,Tue Jul 04 2023 02:28:29 GMT-0600 (Mountain Daylight Time),-38.6,0,0
750,Tue Jul 04 2023 03:28:29 GMT-0600 (Mountain Daylight Time),-38.6,0,0
751,Tue Jul 04 2023 04:28:29 GMT-0600 (Mountain Daylight Time),-38.6,0,0
752,Tue Jul 04 2023 05:28:29 GMT-0600 (Mountain Daylight Time),-38.6,0,0
753,Tue Jul 04 2023 06:28:29 GMT-0600 (Mountain Daylight Time),-38.6,0,0
754,Tue Jul 04 2023 07:28:29 GMT-0600 (Mountain Daylight Time),-38.6,0,0
755,Tue Jul 04 2023 08:28:29 GMT-0600 (Mountain Daylight Time),-38.6,0,0
756,Tue Jul 04 2023 09:28:29 GMT-0600 (Mountain Daylight Time),-38.6,0,0
757,Tue Jul 04 2023 10:28:29 GMT-0600 (Mountain Daylight Time),-38.6,0,0
758,Tue Jul 04 2023 11:28:29 GMT-0600 (Mountain Daylight Time),-38.6,0,0
759,Tue Jul 04 2023 12:28:29 GMT-0600 (Mountain Daylight Time),-38.6,0,0
760,Tue Jul 04 2023 13:28:29 GMT-0600 (Mountain Daylight Time),-38.6,0,0
761,Tue Jul 04 2023 14:28:29 GMT-0600 (Mountain Daylight Time),-38.6,0,0
762,Tue Jul 04 2023 15:28:29 GMT-0600 (Mountain Daylight Time),-38.6,0,0
763,Tue Jul 04 2023 16:28:29 GMT-0600 (Mountain Daylight Time),-38.6,0,0
764,Tue Jul 04 2023 17:28:29 GMT-0600 (Mountain Daylight Time),-38.6,0,0
765,Tue Jul 04 2023 18:28:29 GMT-0600 (Mountain Daylight Time),-38.6,0,0
766,Tue Jul 04 2023 19:28:29 GMT-0600 (Mountain Daylight Time),-38.6,0,0
767,Tue Jul 04 2023 20:28:29 GMT-0600 (Mountain Daylight Time),-38.6,0,0
768,Tue Jul 04 2023 21:28:29 GMT-0600 (Mountain Daylight Time),-38.6,0,0
769,Tue Jul 04 2023 22:28:29 GMT-0600 (Mountain Daylight Time),-38.6,0,0
770,Tue Jul 04 2023 23:28:29 GMT-0600 (Mountain Daylight Time),-38.6,0,0
771,Wed Jul 05 2023 00:28:29 GMT-0600 (Mountain Daylight Time),-38.6,0,0
772,Wed Jul 05 2023 01:28:29 GMT-0600 (Mountain Daylight Time),-38.6,0,0
773,Wed Jul 05 2023 02:28:29 GMT-0600 (Mountain Daylight Time),-38.6,0,0
774,Wed Jul 05 2023 03:28:29 GMT-0600 (Mountain Daylight Time),-38.6,0,0
775,Wed Jul 05 2023 04:28:29 GMT-0600 (Mountain Daylight Time),-38.6,0,0
776,Wed Jul 05 2023 05:28:29 GMT-0600 (Mountain Daylight Time),-38.6,0,0
777,Wed Jul 05 2023 06:28:29 GMT-0600 (Mountain Daylight Time),-38.6,0,0
778,Wed Jul 05 2023 07:28:29 GMT-0600 (Mountain Daylight Time),-38.6,0,0
779,Wed Jul 05 2023 08:28:29 GMT-0600 (Mountain Daylight Time),-38.6,0,0
780,Wed Jul 05 2023 09:28:29 GMT-0600 (Mountain Daylight Time),-38.6,0,0
781,Wed Jul 05 2023 10:28:29 GMT-0600 (Mountain Daylight Time),-38.6,0,0
782,Wed Jul 05 2023 11:28:29 GMT-0600 (Mountain Daylight Time),-38.6,0,0
783,Wed Jul 05 2023 12:28:29 GMT-0600 (Mountain Daylight Time),-38.6,0,0
784,Wed Jul 05 2023 13:28:29 GMT-0600 (Mountain Daylight Time),-38.6,0,0
785,Wed Jul 05 2023 14:28:29 GMT-0600 (Mountain Daylight Time),-38.6,0,0
786,Wed Jul 05 2023 15:28:29 GMT-0600 (Mountain Daylight Time),-38.6,0,0
787,Wed Jul 05 2023 16:28:29 GMT-0600 (Mountain Daylight Time),-38.6,0,0
788,Wed Jul 05 2023 17:28:29 GMT-0600 (Mountain Daylight Time),-38.6,0,0
789,Wed Jul 05 2023 18:28:29 GMT-0600 (Mountain Daylight Time),-38.6,0,0
790,Wed Jul 05 2023 19:28:29 GMT-0600 (Mountain Daylight Time),-38.6,0,0
791,Wed Jul 05 2023 20:28:29 GMT-0600 (Mountain Daylight Time),-38.6,0,0
792,Wed Jul 05 2023 21:28:29 GMT-0600 (Mountain Daylight Time),-38.6,0,0
793,Wed Jul 05 2023 22:28:29 GMT-0600 (Mountain Daylight Time),-38.6,0,0
794,Wed Jul 05 2023 23:28:29 GMT-0600 (Mountain Daylight Time),-38.6,0,0
795,Thu Jul 06 2023 00:28:29 GMT-0600 (Mountain Daylight Time),-38.6,0,0
796,Thu Jul 06 2023 01:28:29 GMT-0600 (Mountain Daylight Time),-38.6,0,0
797,Thu Jul 06 2023 02:28:29 GMT-0600 (Mountain Daylight Time),-38.6,0,0
798,Thu Jul 06 2023 03:28:29 GMT-0600 (Mountain Daylight Time),-38.6,0,0
799,Thu Jul 06 2023 04:28:29 GMT-0600 (Mountain Daylight Time),-38.6,0,0
800,Thu Jul 06 2023 05:28:29 GMT-0600 (Mountain Daylight Time),-38.6,0,0
801,Thu Jul 06 2023 06:28:29 GMT-0600 (Mountain Daylight Time),-38.6,0,0
802,Thu Jul 06 2023 07:28:29 GMT-0600 (Mountain Daylight Time),-38.6,0,0
803,Thu Jul 06 2023 08:28:29 GMT-0600 (Mountain Daylight Time),-38.6,0,0
804,Thu Jul 06 2023 09:28:29 GMT-0600 (Mountain Daylight Time),-38.6,0,0
805,Thu Jul 06 2023 10:28:29 GMT-0600 (Mountain Daylight Time),-38.6,0,0
806,Thu Jul 06 2023 11:28:29 GMT-0600 (Mountain Daylight Time),-38.6,0,0
807,Thu Jul 06 2023 12:28:29 GMT-0600 (Mountain Daylight Time),-38.6,0,0
808,Thu Jul 06 2023 13:28:29 GMT-0600 (Mountain Daylight Time),-38.6,0,0
809,Thu Jul 06 2023 14:28:29 GMT-0600 (Mountain Daylight Time),-38.6,0,0
810,Thu Jul 06 2023 15:28:29 GMT-0600 (Mountain Daylight Time),-38.6,0,0
811,Thu Jul 06 2023 16:28:29 GMT-0600 (Mountain Daylight Time),-38.6,0,0
812,Thu Jul 06 2023 17:28:29 GMT-0600 (Mountain Daylight Time),-38.6,0,0
813,Thu Jul 06 2023 18:28:29 GMT-0600 (Mountain Daylight Time),-38.6,0,0
814,Thu Jul 06 2023 19:28:29 GMT-0600 (Mountain Daylight Time),-38.6,0,0
815,Thu Jul 06 2023 20:28:29 GMT-0600 (Mountain Daylight Time),-38.6,0,0
816,Thu Jul 06 2023 21:28:29 GMT-0600 (Mountain Daylight Time),-38.6,0,0
817,Thu Jul 06 2023 22:28:29 GMT-0600 (Mountain Daylight Time),-38.6,0,0
818,Thu Jul 06 2023 23:28:29 GMT-0600 (Mountain Daylight Time),-38.6,0,0
819,Fri Jul 07 2023 00:28:29 GMT-0600 (Mountain Daylight Time),-38.6,0,0
820,Fri Jul 07 2023 01:28:29 GMT-0600 (Mountain Daylight Time),-38.6,0,0
821,Fri Jul 07 2023 02:28:29 GMT-0600 (Mountain Daylight Time),-38.6,0,0
822,Fri Jul 07 2023 03:28:29 GMT-0600 (Mountain Daylight Time),-38.6,0,0
823,Fri Jul 07 2023 04:28:29 GMT-0600 (Mountain Daylight Time),-38.6,0,0
824,Fri Jul 07 2023 05:28:29 GMT-0600 (Mountain Daylight Time),-38.6,0,0
825,Fri Jul 07 2023 06:28:29 GMT-0600 (Mountain Daylight Time),-38.6,0,0
826,Fri Jul 07 2023 07:28:29 GMT-0600 (Mountain Daylight Time),-38.6,0,0
827,Fri Jul 07 2023 08:28:29 GMT-0600 (Mountain Daylight Time),-38.6,0,0
828,Fri Jul 07 2023 09:28:29 GMT-0600 (Mountain Daylight Time),-38.6,0,0
829,Fri Jul 07 2023 10:28:29 GMT-0600 (Mountain Daylight Time),-38.6,0,0
830,Fri Jul 07 2023 11:28:29 GMT-0600 (Mountain Daylight Time),-38.6,0,0
831,Fri Jul 07 2023 12:28:29 GMT-0600 (Mountain Daylight Time),-38.6,0,0
832,Fri Jul 07 2023 13:28:29 GMT-0600 (Mountain Daylight Time),-38.6,0,0
833,Fri Jul 07 2023 14:28:29 GMT-0600 (Mountain Daylight Time),-38.6,0,0
834,Fri Jul 07 2023 15:28:29 GMT-0600 (Mountain Daylight Time),-38.6,0,0
835,Fri Jul 07 2023 16:28:29 GMT-0600 (Mountain Daylight Time),-38.6,0,0
836,Fri Jul 07 2023 17:28:29 GMT-0600 (Mountain Daylight Time),-38.6,0,0
837,Fri Jul 07 2023 18:28:29 GMT-0600 (Mountain Daylight Time),-38.6,0,0
838,Fri Jul 07 2023 19:28:29 GMT-0600 (Mountain Daylight Time),-38.6,0,0
839,Fri Jul 07 2023 20:28:29 GMT-0600 (Mountain Daylight Time),-38.6,0,0
840,Fri Jul 07 2023 21:28:29 GMT-0600 (Mountain Daylight Time),-38.6,0,0
841,Fri Jul 07 2023 22:28:29 GMT-0600 (Mountain Daylight Time),-38.6,0,0
842,Fri Jul 07 2023 23:28:29 GMT-0600 (Mountain Daylight Time),-38.6,0,0
843,Sat Jul 08 2023 00:28:29 GMT-0600 (Mountain Daylight Time),-38.6,0,0
844,Sat Jul 08 2023 01:28:29 GMT-0600 (Mountain Daylight Time),-38.6,0,0
845,Sat Jul 08 2023 02:28:29 GMT-0600 (Mountain Daylight Time),-38.6,0,0
846,Sat Jul 08 2023 03:28:29 GMT-0600 (Mountain Daylight Time),-38.6,0,0
847,Sat Jul 08 2023 04:28:29 GMT-0600 (Mountain Daylight Time),-38.6,0,0
848,Sat Jul 08 2023 05:28:29 GMT-0600 (Mountain Daylight Time),-38.6,0,0
849,Sat Jul 08 2023 06:28:29 GMT-0600 (Mountain Daylight Time),-38.6,0,0
850,Sat Jul 08 2023 07:28:29 GMT-0600 (Mountain Daylight Time),-38.6,0,0
851,Sat Jul 08 2023 08:28:29 GMT-0600 (Mountain Daylight Time),-38.6,0,0
852,Sat Jul 08 2023 09:28:29 GMT-0600 (Mountain Daylight Time),-38.6,0,0
853,Sat Jul 08 2023 10:28:29 GMT-0600 (Mountain Daylight Time),-38.6,0,0
854,Sat Jul 08 2023 11:28:29 GMT-0600 (Mountain Daylight Time),-38.6,0,0
855,Sat Jul 08 2023 12:28:29 GMT-0600 (Mountain Daylight Time),-38.6,0,0
856,Sat Jul 08 2023 13:28:29 GMT-0600 (Mountain Daylight Time),-38.6,0,0
857,Sat Jul 08 2023 14:28:29 GMT-0600 (Mountain Daylight Time),-38.6,0,0
858,Sat Jul 08 2023 15:28:29 GMT-0600 (Mountain Daylight Time),-38.6,0,0
859,Sat Jul 08 2023 16:28:29 GMT-0600 (Mountain Daylight Time),-38.6,0,0
860,Sat Jul 08 2023 17:28:29 GMT-0600 (Mountain Daylight Time),-38.6,0,0
861,Sat Jul 08 2023 18:28:29 GMT-0600 (Mountain Daylight Time),-38.6,0,0
862,Sat Jul 08 2023 19:28:29 GMT-0600 (Mountain Daylight Time),-38.6,0,0
863,Sat Jul 08 2023 20:28:29 GMT-0600 (Mountain Daylight Time),-38.6,0,0
864,Sat Jul 08 2023 21:28:29 GMT-0600 (Mountain Daylight Time),-38.6,0,0
865,Sat Jul 08 2023 22:28:29 GMT-0600 (Mountain Daylight Time),-38.6,0,0
866,Sat Jul 08 2023 23:28:29 GMT-0600 (Mountain Daylight Time),-38.6,0,0
867,Sun Jul 09 2023 00:28:29 GMT-0600 (Mountain Daylight Time),-38.6,0,0
868,Sun Jul 09 2023 01:28:29 GMT-0600 (Mountain Daylight Time),-38.6,0,0
869,Sun Jul 09 2023 02:28:29 GMT-0600 (Mountain Daylight Time),-38.6,0,0
870,Sun Jul 09 2023 03:28:29 GMT-0600 (Mountain Daylight Time),-38.6,0,0
871,Sun Jul 09 2023 04:28:29 GMT-0600 (Mountain Daylight Time),-38.6,0,0
872,Sun Jul 09 2023 05:28:29 GMT-0600 (Mountain Daylight Time),-38.6,0,0
873,Sun Jul 09 2023 06:28:29 GMT-0600 (Mountain Daylight Time),-38.6,0,0
874,Sun Jul 09 2023 07:28:29 GMT-0600 (Mountain Daylight Time),-38.6,0,0
875,Sun Jul 09 2023 08:28:29 GMT-0600 (Mountain Daylight Time),-38.6,0,0
876,Sun Jul 09 2023 09:28:29 GMT-0600 (Mountain Daylight Time),-38.6,0,0
877,Sun Jul 09 2023 10:28:29 GMT-0600 (Mountain Daylight Time),-38.6,0,0
878,Sun Jul 09 2023 11:28:29 GMT-0600 (Mountain Daylight Time),-38.6,0,0
879,Sun Jul 09 2023 12:28:29 GMT-0600 (Mountain Daylight Time),-38.6,0,0
880,Sun Jul 09 2023 13:28:29 GMT-0600 (Mountain Daylight Time),-38.6,0,0
881,Sun Jul 09 2023 14:28:29 GMT-0600 (Mountain Daylight Time),-38.6,0,0
882,Sun Jul 09 2023 15:28:29 GMT-0600 (Mountain Daylight Time),-38.6,0,0
883,Sun Jul 09 2023 16:28:29 GMT-0600 (Mountain Daylight Time),-38.6,0,0
884,Sun Jul 09 2023 17:28:29 GMT-0600 (Mountain Daylight Time),-38.6,0,0
885,Sun Jul 09 2023 18:28:29 GMT-0600 (Mountain Daylight Time),-38.6,0,0
886,Sun Jul 09 2023 19:28:29 GMT-0600 (Mountain Daylight Time),-38.6,0,0
887,Sun Jul 09 2023 20:28:29 GMT-0600 (Mountain Daylight Time),-38.6,0,0
888,Sun Jul 09 2023 21:28:29 GMT-0600 (Mountain Daylight Time),-38.6,0,0
889,Sun Jul 09 2023 22:28:29 GMT-0600 (Mountain Daylight Time),-38.6,0,0
890,Sun Jul 09 2023 23:28:29 GMT-0600 (Mountain Daylight Time),-38.6,0,0
891,Mon Jul 10 2023 00:28:29 GMT-0600 (Mountain Daylight Time),-38.6,0,0
892,Mon Jul 10 2023 01:28:29 GMT-0600 (Mountain Daylight Time),-38.6,0,0
893,Mon Jul 10 2023 02:28:29 GMT-0600 (Mountain Daylight Time),-38.6,0,0
894,Mon Jul 10 2023 03:28:29 GMT-0600 (Mountain Daylight Time),-38.6,0,0
895,Mon Jul 10 2023 04:28:29 GMT-0600 (Mountain Daylight Time),-38.6,0,0
896,Mon Jul 10 2023 05:28:29 GMT-0600 (Mountain Daylight Time),-38.6,0,0
897,Mon Jul 10 2023 06:28:29 GMT-0600 (Mountain Daylight Time),-38.6,0,0
898,Mon Jul 10 2023 07:28:29 GMT-0600 (Mountain Daylight Time),-38.6,0,0
899,Mon Jul 10 2023 08:28:29 GMT-0600 (Mountain Daylight Time),-38.6,0,0
900,Mon Jul 10 2023 09:28:29 GMT-0600 (Mountain Daylight Time),-38.6,0,0
901,Mon Jul 10 2023 10:28:29 GMT-0600 (Mountain Daylight Time),-38.6,0,0
902,Mon Jul 10 2023 11:28:29 GMT-0600 (Mountain Daylight Time),-38.6,0,0
903,Mon Jul 10 2023 12:28:29 GMT-0600 (Mountain Daylight Time),-38.6,0,0
904,Mon Jul 10 2023 13:28:29 GMT-0600 (Mountain Daylight Time),-38.6,0,0
905,Mon Jul 10 2023 14:28:29 GMT-0600 (Mountain Daylight Time),-38.6,0,0
906,Mon Jul 10 2023 15:28:29 GMT-0600 (Mountain Daylight Time),-38.6,0,0
907,Mon Jul 10 2023 16:28:29 GMT-0600 (Mountain Daylight Time),-38.6,0,0
908,Mon Jul 10 2023 17:28:29 GMT-0600 (Mountain Daylight Time),-38.6,0,0
909,Mon Jul 10 2023 18:28:29 GMT-0600 (Mountain Daylight Time),-38.6,0,0
910,Mon Jul 10 2023 19:28:29 GMT-0600 (Mountain Daylight Time),-38.6,0,0
911,Mon Jul 10 2023 20:28:29 GMT-0600 (Mountain Daylight Time),-38.6,0,0
912,Mon Jul 10 2023 21:28:29 GMT-0600 (Mountain Daylight Time),-38.6,0,0
913,Mon Jul 10 2023 22:28:29 GMT-0600 (Mountain Daylight Time),-38.6,0,0
914,Mon Jul 10 2023 23:28:29 GMT-0600 (Mountain Daylight Time),-38.6,0,0
915,Tue Jul 11 2023 00:28:29 GMT-0600 (Mountain Daylight Time),-38.6,0,0
916,Tue Jul 11 2023 01:28:29 GMT-0600 (Mountain Daylight Time),-38.6,0,0
917,Tue Jul 11 2023 02:28:29 GMT-0600 (Mountain Daylight Time),-38.6,0,0
918,Tue Jul 11 2023 03:28:29 GMT-0600 (Mountain Daylight Time),-38.6,0,0
919,Tue Jul 11 2023 04:28:29 GMT-0600 (Mountain Daylight Time),-38.6,0,0
920,Tue Jul 11 2023 05:28:29 GMT-0600 (Mountain Daylight Time),-38.6,0,0
921,Tue Jul 11 2023 06:28:29 GMT-0600 (Mountain Daylight Time),-38.6,0,0
922,Tue Jul 11 2023 07:28:29 GMT-0600 (Mountain Daylight Time),-38.6,0,0
923,Tue Jul 11 2023 08:28:29 GMT-0600 (Mountain Daylight Time),-38.6,0,0
924,Tue Jul 11 2023 09:28:29 GMT-0600 (Mountain Daylight Time),-38.6,0,0
925,Tue Jul 11 2023 10:28:29 GMT-0600 (Mountain Daylight Time),-38.6,0,0
926,Tue Jul 11 2023 11:28:29 GMT-0600 (Mountain Daylight Time),-38.6,0,0
927,Tue Jul 11 2023 12:28:29 GMT-0600 (Mountain Daylight Time),-38.6,0,0
928,Tue Jul 11 2023 13:28:29 GMT-0600 (Mountain Daylight Time),-38.6,0,0
929,Tue Jul 11 2023 14:28:29 GMT-0600 (Mountain Daylight Time),-38.6,0,0
930,Tue Jul 11 2023 15:28:29 GMT-0600 (Mountain Daylight Time),-38.6,0,0
931,Tue Jul 11 2023 16:28:29 GMT-0600 (Mountain Daylight Time),-38.6,0,0
932,Tue Jul 11 2023 17:28:29 GMT-0600 (Mountain Daylight Time),-38.6,0,0
933,Tue Jul 11 2023 18:28:29 GMT-0600 (Mountain Daylight Time),-38.6,0,0
934,Tue Jul 11 2023 19:28:29 GMT-0600 (Mountain Daylight Time),-38.6,0,0
935,Tue Jul 11 2023 20:28:29 GMT-0600 (Mountain Daylight Time),-38.6,0,0
936,Tue Jul 11 2023 21:28:29 GMT-0600 (Mountain Daylight Time),-38.6,0,0
937,Tue Jul 11 2023 22:28:29 GMT-0600 (Mountain Daylight Time),-38.6,0,0
938,Tue Jul 11 2023 23:28:29 GMT-0600 (Mountain Daylight Time),-38.6,0,0
939,Wed Jul 12 2023 00:28:29 GMT-0600 (Mountain Daylight Time),-38.6,0,0
940,Wed Jul 12 2023 01:28:29 GMT-0600 (Mountain Daylight Time),-38.6,0,0
941,Wed Jul 12 2023 02:28:29 GMT-0600 (Mountain Daylight Time),-38.6,0,0
942,Wed Jul 12 2023 03:28:29 GMT-0600 (Mountain Daylight Time),-38.6,0,0
943,Wed Jul 12 2023 04:28:29 GMT-0600 (Mountain Daylight Time),-38.6,0,0
944,Wed Jul 12 2023 05:28:29 GMT-0600 (Mountain Daylight Time),-38.6,0,0
945,Wed Jul 12 2023 06:28:29 GMT-0600 (Mountain Daylight Time),-38.6,0,0
946,Wed Jul 12 2023 07:28:29 GMT-0600 (Mountain Daylight Time),-38.6,0,0
947,Wed Jul 12 2023 08:28:29 GMT-0600 (Mountain Daylight Time),-38.6,0,0
948,Wed Jul 12 2023 09:28:29 GMT-0600 (Mountain Daylight Time),-38.6,0,0
949,Wed Jul 12 2023 10:28:29 GMT-0600 (Mountain Daylight Time),-38.6,0,0
950,Wed Jul 12 2023 11:28:29 GMT-0600 (Mountain Daylight Time),-38.6,0,0
951,Wed Jul 12 2023 12:28:29 GMT-0600 (Mountain Daylight Time),-38.6,0,0
952,Wed Jul 12 2023 13:28:29 GMT-0600 (Mountain Daylight Time),-38.6,0,0
953,Wed Jul 12 2023 14:28:29 GMT-0600 (Mountain Daylight Time),-38.6,0,0
954,Wed Jul 12 2023 15:28:29 GMT-0600 (Mountain Daylight Time),-38.6,0,0
955,Wed Jul 12 2023 16:28:29 GMT-0600 (Mountain Daylight Time),-38.6,0,0
956,Wed Jul 12 2023 17:28:29 GMT-0600 (Mountain Daylight Time),-38.6,0,0
957,Wed Jul 12 2023 18:28:29 GMT-0600 (Mountain Daylight Time),-38.6,0,0
958,Wed Jul 12 2023 19:28:29 GMT-0600 (Mountain Daylight Time),-38.6,0,0
959,Wed Jul 12 2023 20:28:29 GMT-0600 (Mountain Daylight Time),-38.6,0,0
960,Wed Jul 12 2023 21:28:29 GMT-0600 (Mountain Daylight Time),-38.6,0,0
961,Wed Jul 12 2023 22:28:29 GMT-0600 (Mountain Daylight Time),-38.6,0,0
962,Wed Jul 12 2023 23:28:29 GMT-0600 (Mountain Daylight Time),-38.6,0,0
963,Thu Jul 13 2023 00:28:29 GMT-0600 (Mountain Daylight Time),-38.6,0,0
964,Thu Jul 13 2023 01:28:29 GMT-0600 (Mountain Daylight Time),-38.6,0,0
965,Thu Jul 13 2023 02:28:29 GMT-0600 (Mountain Daylight Time),-38.6,0,0
966,Thu Jul 13 2023 03:28:29 GMT-0600 (Mountain Daylight Time),-38.6,0,0
967,Thu Jul 13 2023 04:28:29 GMT-0600 (Mountain Daylight Time),-38.6,0,0
968,Thu Jul 13 2023 05:28:29 GMT-0600 (Mountain Daylight Time),-38.6,0,0
969,Thu Jul 13 2023 06:28:29 GMT-0600 (Mountain Daylight Time),-38.6,0,0
970,Thu Jul 13 2023 07:28:29 GMT-0600 (Mountain Daylight Time),-38.6,0,0
971,Thu Jul 13 2023 08:28:29 GMT-0600 (Mountain Daylight Time),-38.6,0,0
972,Thu Jul 13 2023 09:28:29 GMT-0600 (Mountain Daylight Time),-38.6,0,0
973,Thu Jul 13 2023 10:28:29 GMT-0600 (Mountain Daylight Time),-38.6,0,0
974,Thu Jul 13 2023 11:28:29 GMT-0600 (Mountain Daylight Time),-38.6,0,0
975,Thu Jul 13 2023 12:28:29 GMT-0600 (Mountain Daylight Time),-38.6,0,0
976,Thu Jul 13 2023 13:28:29 GMT-0600 (Mountain Daylight Time),-38.6,0,0
977,Thu Jul 13 2023 14:28:29 GMT-0600 (Mountain Daylight Time),-38.6,0,0
978,Thu Jul 13 2023 15:28:29 GMT-0600 (Mountain Daylight Time),-38.6,0,0
979,Thu Jul 13 2023 16:28:29 GMT-0600 (Mountain Daylight Time),-38.6,0,0
980,Thu Jul 13 2023 17:28:29 GMT-0600 (Mountain Daylight Time),-38.6,0,0
981,Thu Jul 13 2023 18:28:29 GMT-0600 (Mountain Daylight Time),-38.6,0,0
982,Thu Jul 13 2023 19:28:29 GMT-0600 (Mountain Daylight Time),-38.6,0,0
983,Thu Jul 13 2023 20:28:29 GMT-0600 (Mountain Daylight Time),-38.6,0,0
984,Thu Jul 13 2023 21:28:29 GMT-0600 (Mountain Daylight Time),-38.6,0,0
985,Thu Jul 13 2023 22:28:29 GMT-0600 (Mountain Daylight Time),-38.6,0,0
986,Thu Jul 13 2023 23:28:29 GMT-0600 (Mountain Daylight Time),-38.6,0,0
987,Fri Jul 14 2023 00:28:29 GMT-0600 (Mountain Daylight Time),-38.6,0,0
988,Fri Jul 14 2023 01:28:29 GMT-0600 (Mountain Daylight Time),-38.6,0,0
989,Fri Jul 14 2023 02:28:29 GMT-0600 (Mountain Daylight Time),-38.6,0,0
990,Fri Jul 14 2023 03:28:29 GMT-0600 (Mountain Daylight Time),-38.6,0,0
991,Fri Jul 14 2023 04:28:29 GMT-0600 (Mountain Daylight Time),-38.6,0,0
992,Fri Jul 14 2023 05:28:29 GMT-0600 (Mountain Daylight Time),-38.6,0,0
993,Fri Jul 14 2023 06:28:29 GMT-0600 (Mountain Daylight Time),-38.6,0,0
994,Fri Jul 14 2023 07:28:29 GMT-0600 (Mountain Daylight Time),-38.6,0,0
995,Fri Jul 14 2023 08:28:29 GMT-0600 (Mountain Daylight Time),-38.6,0,0
996,Fri Jul 14 2023 09:28:29 GMT-0600 (Mountain Daylight Time),-38.6,0,0
997,Fri Jul 14 2023 10:28:29 GMT-0600 (Mountain Daylight Time),-38.6,0,0
998,Fri Jul 14 2023 11:28:29 GMT-0600 (Mountain Daylight Time),-38.6,0,0
999,Fri Jul 14 2023 12:28:29 GMT-0600 (Mountain Daylight Time),-38.6,0,0
1000,Fri Jul 14 2023 13:28:29 GMT-0600 (Mountain Daylight Time),-38.6,0,0
1001,Fri Jul 14 2023 14:28:29 GMT-0600 (Mountain Daylight Time),-38.6,0,0
1002,Fri Jul 14 2023 15:28:29 GMT-0600 (Mountain Daylight Time),-38.6,0,0
1003,Fri Jul 14 2023 16:28:29 GMT-0600 (Mountain Daylight Time),-38.6,0,0
1004,Fri Jul 14 2023 17:28:29 GMT-0600 (Mountain Daylight Time),-38.6,0,0
1005,Fri Jul 14 2023 18:28:29 GMT-0600 (Mountain Daylight Time),-38.6,0,0
1006,Fri Jul 14 2023 19:28:29 GMT-0600 (Mountain Daylight Time),-38.6,0,0
1007,Fri Jul 14 2023 20:28:29 GMT-0600 (Mountain Daylight Time),-38.6,0,0
1008,Fri Jul 14 2023 21:28:29 GMT-0600 (Mountain Daylight Time),-38.6,0,0
1009,Fri Jul 14 2023 22:28:29 GMT-0600 (Mountain Daylight Time),-38.6,0,0
1010,Fri Jul 14 2023 23:28:29 GMT-0600 (Mountain Daylight Time),-38.6,0,0
1011,Sat Jul 15 2023 00:28:29 GMT-0600 (Mountain Daylight Time),-38.6,0,0
1012,Sat Jul 15 2023 01:28:29 GMT-0600 (Mountain Daylight Time),-38.6,0,0
1013,Sat Jul 15 2023 02:28:29 GMT-0600 (Mountain Daylight Time),-38.6,0,0
1014,Sat Jul 15 2023 03:28:29 GMT-0600 (Mountain Daylight Time),-38.6,0,0
1015,Sat Jul 15 2023 04:28:29 GMT-0600 (Mountain Daylight Time),-38.6,0,0
1016,Sat Jul 15 2023 05:28:29 GMT-0600 (Mountain Daylight Time),-38.6,0,0
1017,Sat Jul 15 2023 06:28:29 GMT-0600 (Mountain Daylight Time),-38.6,0,0
1018,Sat Jul 15 2023 07:28:29 GMT-0600 (Mountain Daylight Time),-38.6,0,0
1019,Sat Jul 15 2023 08:28:29 GMT-0600 (Mountain Daylight Time),-38.6,0,0
1020,Sat Jul 15 2023 09:28:29 GMT-0600 (Mountain Daylight Time),-38.6,0,0
1021,Sat Jul 15 2023 10:28:29 GMT-0600 (Mountain Daylight Time),-38.6,0,0
1022,Sat Jul 15 2023 11:28:29 GMT-0600 (Mountain Daylight Time),-38.6,0,0
1023,Sat Jul 15 2023 12:28:29 GMT-0600 (Mountain Daylight Time),-38.6,0,0
1024,Sat Jul 15 2023 13:28:29 GMT-0600 (Mountain Daylight Time),-38.6,0,0
1025,Sat Jul 15 2023 14:28:29 GMT-0600 (Mountain Daylight Time),-38.6,0,0
1026,Sat Jul 15 2023 15:28:29 GMT-0600 (Mountain Daylight Time),-38.6,0,0
1027,Sat Jul 15 2023 16:28:29 GMT-0600 (Mountain Daylight Time),-38.6,0,0
1028,Sat Jul 15 2023 17:28:29 GMT-0600 (Mountain Daylight Time),-38.6,0,0
1029,Sat Jul 15 2023 18:28:29 GMT-0600 (Mountain Daylight Time),-38.6,0,0
1030,Sat Jul 15 2023 19:28:29 GMT-0600 (Mountain Daylight Time),-38.6,0,0
1031,Sat Jul 15 2023 20:28:29 GMT-0600 (Mountain Daylight Time),-38.6,0,0
1032,Sat Jul 15 2023 21:28:29 GMT-0600 (Mountain Daylight Time),-38.6,0,0
1033,Sat Jul 15 2023 22:28:29 GMT-0600 (Mountain Daylight Time),-38.6,0,0
1034,Sat Jul 15 2023 23:28:29 GMT-0600 (Mountain Daylight Time),-38.6,0,0
1035,Sun Jul 16 2023 00:28:29 GMT-0600 (Mountain Daylight Time),-38.6,0,0
1036,Sun Jul 16 2023 01:28:29 GMT-0600 (Mountain Daylight Time),-38.6,0,0
1037,Sun Jul 16 2023 02:28:29 GMT-0600 (Mountain Daylight Time),-38.6,0,0
1038,Sun Jul 16 2023 03:28:29 GMT-0600 (Mountain Daylight Time),-38.6,0,0
1039,Sun Jul 16 2023 04:28:29 GMT-0600 (Mountain Daylight Time),-38.6,0,0
1040,Sun Jul 16 2023 05:28:29 GMT-0600 (Mountain Daylight Time),-38.6,0,0
1041,Sun Jul 16 2023 06:28:29 GMT-0600 (Mountain Daylight Time),-38.6,0,0
1042,Sun Jul 16 2023 07:28:29 GMT-0600 (Mountain Daylight Time),-38.6,0,0
1043,Sun Jul 16 2023 08:28:29 GMT-0600 (Mountain Daylight Time),-38.6,0,0
1044,Sun Jul 16 2023 09:28:29 GMT-0600 (Mountain Daylight Time),-38.6,0,0
1045,Sun Jul 16 2023 10:28:29 GMT-0600 (Mountain Daylight Time),-38.6,0,0
1046,Sun Jul 16 2023 11:28:29 GMT-0600 (Mountain Daylight Time),-38.6,0,0
1047,Sun Jul 16 2023 12:28:29 GMT-0600 (Mountain Daylight Time),-38.6,0,0
1048,Sun Jul 16 2023 13:28:29 GMT-0600 (Mountain Daylight Time),-38.6,0,0
1049,Sun Jul 16 2023 14:28:29 GMT-0600 (Mountain Daylight Time),-38.6,0,0
1050,Sun Jul 16 2023 15:28:29 GMT-0600 (Mountain Daylight Time),-38.6,0,0
1051,Sun Jul 16 2023 16:28:29 GMT-0600 (Mountain Daylight Time),-38.6,0,0
1052,Sun Jul 16 2023 17:28:29 GMT-0600 (Mountain Daylight Time),-38.6,0,0
1053,Sun Jul 16 2023 18:28:29 GMT-0600 (Mountain Daylight Time),-38.6,0,0
1054,Sun Jul 16 2023 19:28:29 GMT-0600 (Mountain Daylight Time),-38.6,0,0
1055,Sun Jul 16 2023 20:28:29 GMT-0600 (Mountain Daylight Time),-38.6,0,0
1056,Sun Jul 16 2023 21:28:29 GMT-0600 (Mountain Daylight Time),-38.6,0,0
1057,Sun Jul 16 2023 22:28:29 GMT-0600 (Mountain Daylight Time),-38.6,0,0
1058,Sun Jul 16 2023 23:28:29 GMT-0600 (Mountain Daylight Time),-38.6,0,0
1059,Mon Jul 17 2023 00:28:29 GMT-0600 (Mountain Daylight Time),-38.6,0,0
1060,Mon Jul 17 2023 01:28:29 GMT-0600 (Mountain Daylight Time),-38.6,0,0
1061,Mon Jul 17 2023 02:28:29 GMT-0600 (Mountain Daylight Time),-38.6,0,0
1062,Mon Jul 17 2023 03:28:29 GMT-0600 (Mountain Daylight Time),-38.6,0,0
1063,Mon Jul 17 2023 04:28:29 GMT-0600 (Mountain Daylight Time),-38.6,0,0
1064,Mon Jul 17 2023 05:28:29 GMT-0600 (Mountain Daylight Time),-38.6,0,0
1065,Mon Jul 17 2023 06:28:29 GMT-0600 (Mountain Daylight Time),-38.6,0,0
1066,Mon Jul 17 2023 07:28:29 GMT-0600 (Mountain Daylight Time),-38.6,0,0
1067,Mon Jul 17 2023 08:28:29 GMT-0600 (Mountain Daylight Time),-38.6,0,0
1068,Mon Jul 17 2023 09:28:29 GMT-0600 (Mountain Daylight Time),-38.6,0,0
1069,Mon Jul 17 2023 10:28:29 GMT-0600 (Mountain Daylight Time),-38.6,0,0
1070,Mon Jul 17 2023 11:28:29 GMT-0600 (Mountain Daylight Time),-38.6,0,0
1071,Mon Jul 17 2023 12:28:29 GMT-0600 (Mountain Daylight Time),-38.6,0,0
1072,Mon Jul 17 2023 13:28:29 GMT-0600 (Mountain Daylight Time),-38.6,0,0
1073,Mon Jul 17 2023 14:28:29 GMT-0600 (Mountain Daylight Time),-38.6,0,0
1074,Mon Jul 17 2023 15:28:29 GMT-0600 (Mountain Daylight Time),-38.6,0,0
1075,Mon Jul 17 2023 16:28:29 GMT-0600 (Mountain Daylight Time),-38.6,0,0
1076,Mon Jul 17 2023 17:28:29 GMT-0600 (Mountain Daylight Time),-38.6,0,0
1077,Mon Jul 17 2023 18:28:29 GMT-0600 (Mountain Daylight Time),-38.6,0,0
1078,Mon Jul 17 2023 19:28:29 GMT-0600 (Mountain Daylight Time),-38.6,0,0
1079,Mon Jul 17 2023 20:28:29 GMT-0600 (Mountain Daylight Time),-38.6,0,0
1080,Mon Jul 17 2023 21:28:29 GMT-0600 (Mountain Daylight Time),-38.6,0,0
1081,Mon Jul 17 2023 22:28:29 GMT-0600 (Mountain Daylight Time),-38.6,0,0
1082,Mon Jul 17 2023 23:28:29 GMT-0600 (Mountain Daylight Time),-38.6,0,0
1083,Tue Jul 18 2023 00:28:29 GMT-0600 (Mountain Daylight Time),-38.6,0,0
1084,Tue Jul 18 2023 01:28:29 GMT-0600 (Mountain Daylight Time),-38.6,0,0
1085,Tue Jul 18 2023 02:28:29 GMT-0600 (Mountain Daylight Time),-38.6,0,0
1086,Tue Jul 18 2023 03:28:29 GMT-0600 (Mountain Daylight Time),-38.6,0,0
1087,Tue Jul 18 2023 04:28:29 GMT-0600 (Mountain Daylight Time),-38.6,0,0
1088,Tue Jul 18 2023 05:28:29 GMT-0600 (Mountain Daylight Time),-38.6,0,0
1089,Tue Jul 18 2023 06:28:29 GMT-0600 (Mountain Daylight Time),-38.6,0,0
1090,Tue Jul 18 2023 07:28:29 GMT-0600 (Mountain Daylight Time),-38.6,0,0
1091,Tue Jul 18 2023 08:28:29 GMT-0600 (Mountain Daylight Time),-38.6,0,0
1092,Tue Jul 18 2023 09:28:29 GMT-0600 (Mountain Daylight Time),-38.6,0,0
1093,Tue Jul 18 2023 10:28:29 GMT-0600 (Mountain Daylight Time),-38.6,0,0
1094,Tue Jul 18 2023 11:28:29 GMT-0600 (Mountain Daylight Time),-38.6,0,0
1095,Tue Jul 18 2023 12:28:29 GMT-0600 (Mountain Daylight Time),-38.6,0,0
1096,Tue Jul 18 2023 13:28:29 GMT-0600 (Mountain Daylight Time),-38.6,0,0
1097,Tue Jul 18 2023 14:28:29 GMT-0600 (Mountain Daylight Time),-38.6,0,0
1098,Tue Jul 18 2023 15:28:29 GMT-0600 (Mountain Daylight Time),-38.6,0,0
1099,Tue Jul 18 2023 16:28:29 GMT-0600 (Mountain Daylight Time),-38.6,0,0
1100,Tue Jul 18 2023 17:28:29 GMT-0600 (Mountain Daylight Time),-38.6,0,0
1101,Tue Jul 18 2023 18:28:29 GMT-0600 (Mountain Daylight Time),-38.6,0,0
1102,Tue Jul 18 2023 19:28:29 GMT-0600 (Mountain Daylight Time),-38.6,0,0
1103,Tue Jul 18 2023 20:28:29 GMT-0600 (Mountain Daylight Time),-38.6,0,0
1104,Tue Jul 18 2023 21:28:29 GMT-0600 (Mountain Daylight Time),-38.6,0,0
1105,Tue Jul 18 2023 22:28:29 GMT-0600 (Mountain Daylight Time),-38.6,0,0
1106,Tue Jul 18 2023 23:28:29 GMT-0600 (Mountain Daylight Time),-38.6,0,0
1107,Wed Jul 19 2023 00:28:29 GMT-0600 (Mountain Daylight Time),-38.6,0,0
1108,Wed Jul 19 2023 01:28:29 GMT-0600 (Mountain Daylight Time),-38.6,0,0
1109,Wed Jul 19 2023 02:28:29 GMT-0600 (Mountain Daylight Time),-38.6,0,0
1110,Wed Jul 19 2023 03:28:29 GMT-0600 (Mountain Daylight Time),-38.6,0,0
1111,Wed Jul 19 2023 04:28:29 GMT-0600 (Mountain Daylight Time),-38.6,0,0
1112,Wed Jul 19 2023 05:28:29 GMT-0600 (Mountain Daylight Time),-38.6,0,0
1113,Wed Jul 19 2023 06:28:29 GMT-0600 (Mountain Daylight Time),-38.6,0,0
1114,Wed Jul 19 2023 07:28:29 GMT-0600 (Mountain Daylight Time),-38.6,0,0
1115,Wed Jul 19 2023 08:28:29 GMT-0600 (Mountain Daylight Time),-38.6,0,0
1116,Wed Jul 19 2023 09:28:29 GMT-0600 (Mountain Daylight Time),-38.6,0,0
1117,Wed Jul 19 2023 10:28:29 GMT-0600 (Mountain Daylight Time),-38.6,0,0
1118,Wed Jul 19 2023 11:28:29 GMT-0600 (Mountain Daylight Time),-38.6,0,0
1119,Wed Jul 19 2023 12:28:29 GMT-0600 (Mountain Daylight Time),-38.6,0,0
1120,Wed Jul 19 2023 13:28:29 GMT-0600 (Mountain Daylight Time),-38.6,0,0
1121,Wed Jul 19 2023 14:28:29 GMT-0600 (Mountain Daylight Time),29,45,16
